{
  "type": "Feature",
  "properties": {
    "id": "pretoria-cape-town-rail-candidate",
    "version": "1.0.0-osm-rail-candidate",
    "routeVersion": "1.0.0-osm-rail-candidate",
    "name": "Pretoria–Cape Town OSM-mapped rail candidate",
    "source": "OpenStreetMap railway=rail ways, excluding siding/spur/yard/crossover service ways",
    "sourceUrl": "https://www.openstreetmap.org/copyright",
    "attribution": "© OpenStreetMap contributors",
    "license": "ODbL-1.0",
    "licenseUrl": "https://opendatacommons.org/licenses/odbl/1-0/",
    "geometryType": "osm-rail-graph-shortest-path-candidate",
    "railAlignmentVerified": true,
    "confidence": "osm-mapped-connected-candidate",
    "reviewStatus": "automated-candidate-human-operational-route-review-pending",
    "intendedUse": "Geographic ride simulation; does not assert a current passenger service or operating itinerary",
    "direction": "pretoria-to-cape-town",
    "lengthMetres": 1582417.155,
    "generatedAt": "2026-09-08T10:49:29.942133+00:00",
    "hubOrder": [
      "pretoria",
      "johannesburg",
      "kimberley",
      "de-aar",
      "beaufort-west",
      "matjiesfontein",
      "worcester",
      "cape-town"
    ],
    "stationAnchors": [
      {
        "hubId": "pretoria",
        "osmType": "node",
        "osmId": 799906122,
        "coordinates": [
          28.1892212,
          -25.7594894
        ]
      },
      {
        "hubId": "johannesburg",
        "osmType": "node",
        "osmId": 326084268,
        "coordinates": [
          28.0423048,
          -26.1976708
        ]
      },
      {
        "hubId": "kimberley",
        "osmType": "node",
        "osmId": 247327890,
        "coordinates": [
          24.7698702,
          -28.7353474
        ]
      },
      {
        "hubId": "de-aar",
        "osmType": "node",
        "osmId": 247327813,
        "coordinates": [
          24.0138567,
          -30.6503939
        ]
      },
      {
        "hubId": "beaufort-west",
        "osmType": "node",
        "osmId": 8148099536,
        "coordinates": [
          22.5769196,
          -32.3518393
        ]
      },
      {
        "hubId": "matjiesfontein",
        "osmType": "node",
        "osmId": 249333087,
        "coordinates": [
          20.5808832,
          -33.2314538
        ]
      },
      {
        "hubId": "worcester",
        "osmType": "node",
        "osmId": 9155692732,
        "coordinates": [
          19.4411747,
          -33.6394993
        ]
      },
      {
        "hubId": "cape-town",
        "osmType": "node",
        "osmId": 288676470,
        "coordinates": [
          18.4263523,
          -33.9224221
        ]
      }
    ],
    "resolvedSegments": [
      "pretoria--johannesburg",
      "johannesburg--kimberley",
      "kimberley--de-aar",
      "de-aar--beaufort-west",
      "beaufort-west--matjiesfontein",
      "matjiesfontein--worcester",
      "worcester--cape-town"
    ],
    "unresolvedSegments": [],
    "provenanceFile": "provenance/rail-alignment.json",
    "segments": [
      {
        "id": "pretoria--johannesburg",
        "fromHubId": "pretoria",
        "toHubId": "johannesburg",
        "confidence": "osm-mapped-connected-candidate",
        "unresolvedReason": null,
        "lengthMetres": 69485.568,
        "directDistanceMetres": 50888.695,
        "startSnap": {
          "osmNodeId": 5203384246,
          "distanceMetres": 15.886
        },
        "endSnap": {
          "osmNodeId": 7124278764,
          "distanceMetres": 34.036
        },
        "osmWayIds": [
          4420058,
          4420059,
          4703175,
          8407557,
          23097858,
          24635492,
          32486599,
          32486606,
          32489507,
          58365742,
          58365777,
          71164463,
          142048178,
          142214861,
          142214863,
          197895382,
          273430341,
          273430350,
          273585249,
          273611811,
          275977617,
          421114441,
          421114442,
          427646717,
          427646718,
          435271632,
          435271634,
          435271638,
          435271648,
          435271654,
          435299245,
          435299261,
          435299263,
          435299290,
          435299292,
          435299326,
          435304234,
          435304239,
          435304248,
          435382598,
          435382601,
          537391031,
          542358527,
          542358533,
          542358534,
          542358535,
          542358550,
          542358551,
          542358554,
          542358555,
          542462342,
          542462344,
          542462347,
          542462350,
          542466110,
          542466117,
          597093044,
          597093045,
          687811268,
          687811269,
          755745066,
          765045283,
          766042600,
          766042601,
          829906318,
          833962222,
          835077556,
          838003124,
          838146280,
          840261372,
          840261373,
          840261375,
          867677563,
          867677564,
          988779739,
          988779757,
          1035213637,
          1275533525,
          1275564800,
          1500200937
        ],
        "precedingJunctionConnector": null
      },
      {
        "id": "johannesburg--kimberley",
        "fromHubId": "johannesburg",
        "toHubId": "kimberley",
        "confidence": "osm-mapped-connected-candidate",
        "unresolvedReason": null,
        "lengthMetres": 482430.34,
        "directDistanceMetres": 428750.759,
        "startSnap": {
          "osmNodeId": 7124278764,
          "distanceMetres": 34.036
        },
        "endSnap": {
          "osmNodeId": 247327890,
          "distanceMetres": 0.0
        },
        "osmWayIds": [
          7508013,
          22778979,
          23284160,
          31740955,
          61242192,
          71174956,
          100597999,
          107948677,
          107948691,
          123743988,
          123743999,
          123744007,
          123744022,
          142081112,
          157935281,
          172260740,
          172260745,
          194555973,
          199751382,
          199751383,
          217628979,
          217628980,
          219005173,
          291398973,
          381513360,
          381513361,
          435174300,
          435174306,
          435178894,
          435193593,
          435193598,
          435208704,
          435208720,
          435221306,
          435271627,
          435271650,
          444074275,
          444074276,
          444074287,
          444074288,
          467967164,
          617693160,
          617693161,
          633490888,
          633490890,
          751055498,
          751130145,
          751130146,
          751130149,
          751130150,
          761915904,
          761915905,
          819216613,
          819216614,
          873293077,
          875560098,
          875560099,
          875560104,
          875560105,
          875560126,
          875560127,
          875560129,
          875560152,
          875560155,
          905414053,
          943024738,
          943028297,
          943028298,
          951326117,
          951326118,
          951326124,
          951326132,
          958530140,
          958530141,
          958530142,
          958530152,
          972913248,
          972913249,
          972913259,
          972913264,
          972913265,
          972913266,
          972913268,
          998470731,
          998470732,
          1037448099,
          1055853101,
          1055853105,
          1055853106,
          1056768361,
          1056768362,
          1056768363,
          1056768364,
          1056768365,
          1056768366,
          1056768367,
          1056768372,
          1056768373,
          1056768375,
          1056768376,
          1057056944,
          1057056946,
          1057056977,
          1057056978,
          1057056980,
          1057056982,
          1057056983,
          1057069397,
          1057069402,
          1057069408,
          1279918166,
          1289813745,
          1289813746,
          1432358661,
          1432361031,
          1432361032,
          1432364005,
          1432369527,
          1432370359,
          1432370360,
          1435082928
        ],
        "precedingJunctionConnector": null
      },
      {
        "id": "kimberley--de-aar",
        "fromHubId": "kimberley",
        "toHubId": "de-aar",
        "confidence": "osm-mapped-connected-candidate",
        "unresolvedReason": null,
        "lengthMetres": 235644.636,
        "directDistanceMetres": 225115.383,
        "startSnap": {
          "osmNodeId": 247327890,
          "distanceMetres": 0.0
        },
        "endSnap": {
          "osmNodeId": 247327813,
          "distanceMetres": 0.0
        },
        "osmWayIds": [
          21735066,
          61153705,
          61153711,
          69715585,
          69715589,
          104192798,
          157935284,
          205652802,
          244526565,
          261058915,
          418070047,
          418070048,
          445015850,
          445015851,
          611890107,
          611890109,
          685658014,
          685658015,
          685871892,
          686101064,
          686101065,
          686101066,
          819256710,
          819256711,
          820003806,
          820003825,
          820438677,
          820706437,
          820758149,
          821174865,
          1057677688,
          1057679505,
          1057872624,
          1057872626,
          1057872627,
          1057872628,
          1057872629,
          1057872630,
          1057872639,
          1057872642,
          1057872643,
          1057872644,
          1057872645,
          1057872646,
          1057872647,
          1058415720,
          1058415726,
          1058415748,
          1058415749,
          1058415754,
          1058415757,
          1157249332,
          1157249334,
          1157249337,
          1157249344,
          1163825722,
          1163825723,
          1238158419,
          1238158420
        ],
        "precedingJunctionConnector": null
      },
      {
        "id": "de-aar--beaufort-west",
        "fromHubId": "de-aar",
        "toHubId": "beaufort-west",
        "confidence": "osm-mapped-connected-candidate",
        "unresolvedReason": null,
        "lengthMetres": 259299.432,
        "directDistanceMetres": 233131.186,
        "startSnap": {
          "osmNodeId": 247327813,
          "distanceMetres": 0.0
        },
        "endSnap": {
          "osmNodeId": 11454114633,
          "distanceMetres": 28.662
        },
        "osmWayIds": [
          21723568,
          61153709,
          89173859,
          89173861,
          108192548,
          108192593,
          170824444,
          170824445,
          200453793,
          200453794,
          200453796,
          200455995,
          200455997,
          201818775,
          201818777,
          201880548,
          201880550,
          366692175,
          366692176,
          366692177,
          366692179,
          518100715,
          518100716,
          518100717,
          518100718,
          518100723,
          518100724,
          659123902,
          659123903,
          659123911,
          659123912,
          659123913,
          659123914,
          759462361,
          1233978948,
          1233978949,
          1233978950,
          1233978955,
          1233978956,
          1234029763,
          1234170294,
          1234170295,
          1234170305,
          1234170360,
          1234170362,
          1234174813,
          1234174819,
          1234174821,
          1234174822,
          1234174823,
          1238302074,
          1238302075,
          1283294156,
          1283294157,
          1311491704,
          1311491710,
          1311491713,
          1311491715,
          1311491716,
          1311491717,
          1311491718,
          1524789317
        ],
        "precedingJunctionConnector": null
      },
      {
        "id": "beaufort-west--matjiesfontein",
        "fromHubId": "beaufort-west",
        "toHubId": "matjiesfontein",
        "confidence": "osm-mapped-connected-candidate",
        "unresolvedReason": null,
        "lengthMetres": 230333.064,
        "directDistanceMetres": 210657.045,
        "startSnap": {
          "osmNodeId": 11454114633,
          "distanceMetres": 28.662
        },
        "endSnap": {
          "osmNodeId": 249333087,
          "distanceMetres": 0.0
        },
        "osmWayIds": [
          91957679,
          91957700,
          91979989,
          91979991,
          91980001,
          91980006,
          91980010,
          91980011,
          91980014,
          91980015,
          107833605,
          107833618,
          107833628,
          107833635,
          107952299,
          107952307,
          108192556,
          108192582,
          108192585,
          108192589,
          169667527,
          169667528,
          169667529,
          169667531,
          198694420,
          198694423,
          199479668,
          199479669,
          207014019,
          207014020,
          207014195,
          207015070,
          207015082,
          207015083,
          207015086,
          207016717,
          207016718,
          207327799,
          207327800,
          207327801,
          207327802,
          207327803,
          207327804,
          244514455,
          249663164,
          249663168,
          258239939,
          258239940,
          363814366,
          363814367,
          437495479,
          655104779,
          655104780,
          765604212,
          765604213,
          875384729,
          875384730,
          1152662925,
          1152662926,
          1156645095,
          1156645096,
          1156645097,
          1156645098,
          1234170305,
          1234170344,
          1234170346,
          1234170347,
          1234170350,
          1234170353,
          1234194630,
          1234194631,
          1234194633,
          1234194634,
          1234194635,
          1234194637,
          1234194638,
          1234194639,
          1234194640,
          1234194641,
          1234194642,
          1234194643,
          1234194644,
          1234194658,
          1234194659,
          1236239490,
          1236239491,
          1236239496,
          1236239497,
          1236239499,
          1236239504,
          1236242178,
          1236242179,
          1236242180,
          1236242182,
          1236242183,
          1236242184,
          1236242185,
          1236242186,
          1236242187,
          1236242188,
          1236264534,
          1236264535,
          1236264542,
          1236264543,
          1319370824,
          1319370825
        ],
        "precedingJunctionConnector": null
      },
      {
        "id": "matjiesfontein--worcester",
        "fromHubId": "matjiesfontein",
        "toHubId": "worcester",
        "confidence": "osm-mapped-connected-candidate",
        "unresolvedReason": null,
        "lengthMetres": 130185.006,
        "directDistanceMetres": 115078.265,
        "startSnap": {
          "osmNodeId": 249333087,
          "distanceMetres": 0.0
        },
        "endSnap": {
          "osmNodeId": 240124482,
          "distanceMetres": 11.734
        },
        "osmWayIds": [
          22662080,
          22770601,
          22770603,
          22770604,
          22770605,
          22770606,
          28890349,
          28890350,
          31901254,
          31901255,
          61302516,
          61591522,
          103754186,
          103754188,
          240361689,
          262624845,
          262624846,
          262624847,
          262624849,
          771537495,
          771537496,
          1219736070,
          1219736075,
          1219736076,
          1234194631,
          1235352000,
          1235352001,
          1236264540,
          1236264541,
          1236264545,
          1236264546,
          1236264550,
          1236264552,
          1236264557,
          1236264558,
          1236264559,
          1236264565,
          1236264591,
          1236264592,
          1236264597,
          1236264598,
          1243706920,
          1243706921,
          1243706929,
          1243706932,
          1243706934,
          1243796738,
          1243796743,
          1243796764,
          1245421240,
          1245421243,
          1245421291,
          1245421343,
          1245421348
        ],
        "precedingJunctionConnector": null
      },
      {
        "id": "worcester--cape-town",
        "fromHubId": "worcester",
        "toHubId": "cape-town",
        "confidence": "osm-mapped-connected-candidate",
        "unresolvedReason": null,
        "lengthMetres": 174697.121,
        "directDistanceMetres": 98926.771,
        "startSnap": {
          "osmNodeId": 240124482,
          "distanceMetres": 11.734
        },
        "endSnap": {
          "osmNodeId": 6629401912,
          "distanceMetres": 33.313
        },
        "osmWayIds": [
          4820594,
          13712266,
          22328685,
          22328860,
          26349063,
          48585986,
          65680741,
          65680778,
          65680959,
          65765841,
          67465226,
          67465237,
          67470893,
          67470911,
          67470932,
          137480818,
          137480822,
          137612978,
          137612992,
          137612997,
          137614572,
          137614575,
          137620561,
          137620563,
          137621654,
          240804499,
          240804500,
          240804505,
          240804507,
          275608817,
          275608818,
          299790039,
          299790044,
          299790045,
          299954971,
          299954974,
          299954976,
          299954979,
          364020781,
          364020783,
          366210720,
          366210721,
          710853478,
          710853479,
          710853480,
          733322969,
          750218529,
          766854672,
          766854673,
          771348579,
          771348580,
          771348592,
          771348593,
          775788856,
          775788857,
          788923780,
          789157063,
          790320470,
          790320471,
          790320472,
          790320474,
          790320477,
          790320478,
          790320480,
          790320483,
          790745842,
          791678395,
          791678401,
          791687494,
          791687497,
          791687499,
          791687503,
          791687505,
          791687506,
          791687509,
          791687511,
          791746856,
          791746857,
          791746858,
          792856978,
          792856980,
          792925209,
          863466508,
          863518188,
          863518189,
          863563817,
          863563833,
          863563834,
          864046446,
          864046449,
          864046457,
          990298751,
          990904539,
          1098423028,
          1229003616,
          1229003617,
          1229003618,
          1229003620,
          1233181995,
          1233181998,
          1233181999,
          1233540026,
          1233540028,
          1244943151,
          1245421244,
          1245421292,
          1245421313,
          1245421314,
          1267911134,
          1267911135,
          1313535239,
          1313540230,
          1339178818,
          1339178819,
          1425680126
        ],
        "precedingJunctionConnector": null
      }
    ],
    "detail": "overview",
    "simplificationToleranceMetres": 8.667
  },
  "geometry": {
    "type": "LineString",
    "coordinates": [
      [
        28.18909,
        -25.75957
      ],
      [
        28.19255,
        -25.76323
      ],
      [
        28.1932,
        -25.76455
      ],
      [
        28.19344,
        -25.76555
      ],
      [
        28.19352,
        -25.76637
      ],
      [
        28.19317,
        -25.77007
      ],
      [
        28.19336,
        -25.77666
      ],
      [
        28.19261,
        -25.78052
      ],
      [
        28.1926,
        -25.78188
      ],
      [
        28.19294,
        -25.78342
      ],
      [
        28.19566,
        -25.79039
      ],
      [
        28.19581,
        -25.79208
      ],
      [
        28.19545,
        -25.79469
      ],
      [
        28.19554,
        -25.79597
      ],
      [
        28.19766,
        -25.80425
      ],
      [
        28.20008,
        -25.80939
      ],
      [
        28.20165,
        -25.81526
      ],
      [
        28.20344,
        -25.82006
      ],
      [
        28.21293,
        -25.83902
      ],
      [
        28.21379,
        -25.84063
      ],
      [
        28.21461,
        -25.8417
      ],
      [
        28.21897,
        -25.84579
      ],
      [
        28.22012,
        -25.84719
      ],
      [
        28.22109,
        -25.84911
      ],
      [
        28.22278,
        -25.85374
      ],
      [
        28.22295,
        -25.85575
      ],
      [
        28.22254,
        -25.86482
      ],
      [
        28.22417,
        -25.87372
      ],
      [
        28.22443,
        -25.87574
      ],
      [
        28.22442,
        -25.87743
      ],
      [
        28.22388,
        -25.88346
      ],
      [
        28.22543,
        -25.90029
      ],
      [
        28.2334,
        -25.93132
      ],
      [
        28.23375,
        -25.93341
      ],
      [
        28.23374,
        -25.94885
      ],
      [
        28.23357,
        -25.95027
      ],
      [
        28.2319,
        -25.95848
      ],
      [
        28.2319,
        -25.95969
      ],
      [
        28.23231,
        -25.96102
      ],
      [
        28.2332,
        -25.96226
      ],
      [
        28.23833,
        -25.96605
      ],
      [
        28.23916,
        -25.96688
      ],
      [
        28.23982,
        -25.96792
      ],
      [
        28.24336,
        -25.97531
      ],
      [
        28.24393,
        -25.97733
      ],
      [
        28.24841,
        -25.99933
      ],
      [
        28.24868,
        -26.00221
      ],
      [
        28.24857,
        -26.0043
      ],
      [
        28.24864,
        -26.00937
      ],
      [
        28.24901,
        -26.01226
      ],
      [
        28.24944,
        -26.01383
      ],
      [
        28.25012,
        -26.01552
      ],
      [
        28.2538,
        -26.0218
      ],
      [
        28.25446,
        -26.02322
      ],
      [
        28.255,
        -26.02484
      ],
      [
        28.2553,
        -26.02625
      ],
      [
        28.25547,
        -26.02882
      ],
      [
        28.25533,
        -26.03053
      ],
      [
        28.25438,
        -26.03619
      ],
      [
        28.25327,
        -26.04452
      ],
      [
        28.25299,
        -26.0457
      ],
      [
        28.25235,
        -26.04714
      ],
      [
        28.25132,
        -26.04854
      ],
      [
        28.23063,
        -26.07159
      ],
      [
        28.22941,
        -26.07332
      ],
      [
        28.22656,
        -26.07834
      ],
      [
        28.22376,
        -26.08196
      ],
      [
        28.22265,
        -26.08404
      ],
      [
        28.22183,
        -26.08703
      ],
      [
        28.221,
        -26.09135
      ],
      [
        28.22086,
        -26.09324
      ],
      [
        28.22092,
        -26.09466
      ],
      [
        28.22131,
        -26.09691
      ],
      [
        28.22213,
        -26.09928
      ],
      [
        28.22293,
        -26.1008
      ],
      [
        28.22613,
        -26.10583
      ],
      [
        28.22784,
        -26.11115
      ],
      [
        28.22805,
        -26.11338
      ],
      [
        28.22798,
        -26.11439
      ],
      [
        28.22633,
        -26.12164
      ],
      [
        28.22452,
        -26.12709
      ],
      [
        28.22368,
        -26.13033
      ],
      [
        28.22215,
        -26.13433
      ],
      [
        28.21864,
        -26.14436
      ],
      [
        28.21732,
        -26.14769
      ],
      [
        28.2114,
        -26.15734
      ],
      [
        28.20662,
        -26.1647
      ],
      [
        28.20562,
        -26.16595
      ],
      [
        28.20439,
        -26.16781
      ],
      [
        28.2037,
        -26.16928
      ],
      [
        28.20227,
        -26.17177
      ],
      [
        28.1994,
        -26.18154
      ],
      [
        28.19789,
        -26.18729
      ],
      [
        28.19774,
        -26.1891
      ],
      [
        28.19802,
        -26.1929
      ],
      [
        28.19776,
        -26.1942
      ],
      [
        28.19737,
        -26.1952
      ],
      [
        28.19599,
        -26.19736
      ],
      [
        28.1859,
        -26.20869
      ],
      [
        28.18457,
        -26.20996
      ],
      [
        28.18134,
        -26.21169
      ],
      [
        28.18056,
        -26.21191
      ],
      [
        28.17984,
        -26.21196
      ],
      [
        28.17333,
        -26.21109
      ],
      [
        28.16658,
        -26.20941
      ],
      [
        28.16335,
        -26.20885
      ],
      [
        28.16249,
        -26.20881
      ],
      [
        28.16167,
        -26.20904
      ],
      [
        28.16122,
        -26.2093
      ],
      [
        28.15984,
        -26.21098
      ],
      [
        28.15828,
        -26.21261
      ],
      [
        28.15756,
        -26.21316
      ],
      [
        28.15653,
        -26.21362
      ],
      [
        28.15491,
        -26.21381
      ],
      [
        28.1473,
        -26.21332
      ],
      [
        28.14605,
        -26.21309
      ],
      [
        28.1451,
        -26.21267
      ],
      [
        28.14345,
        -26.21141
      ],
      [
        28.14091,
        -26.20895
      ],
      [
        28.14005,
        -26.20852
      ],
      [
        28.13788,
        -26.2078
      ],
      [
        28.13562,
        -26.20754
      ],
      [
        28.13326,
        -26.20782
      ],
      [
        28.13241,
        -26.20811
      ],
      [
        28.12998,
        -26.20945
      ],
      [
        28.12837,
        -26.20986
      ],
      [
        28.12723,
        -26.20984
      ],
      [
        28.12084,
        -26.20915
      ],
      [
        28.11907,
        -26.20875
      ],
      [
        28.11715,
        -26.20801
      ],
      [
        28.11624,
        -26.20744
      ],
      [
        28.1139,
        -26.20553
      ],
      [
        28.11121,
        -26.20429
      ],
      [
        28.10812,
        -26.20367
      ],
      [
        28.10623,
        -26.20351
      ],
      [
        28.10497,
        -26.20357
      ],
      [
        28.10329,
        -26.20388
      ],
      [
        28.0936,
        -26.20685
      ],
      [
        28.09191,
        -26.20679
      ],
      [
        28.08768,
        -26.20569
      ],
      [
        28.08693,
        -26.20563
      ],
      [
        28.08573,
        -26.20575
      ],
      [
        28.08076,
        -26.20742
      ],
      [
        28.07685,
        -26.20893
      ],
      [
        28.07511,
        -26.20932
      ],
      [
        28.07372,
        -26.20935
      ],
      [
        28.0727,
        -26.20916
      ],
      [
        28.07085,
        -26.20852
      ],
      [
        28.0651,
        -26.20523
      ],
      [
        28.06197,
        -26.20236
      ],
      [
        28.05882,
        -26.19845
      ],
      [
        28.058,
        -26.19789
      ],
      [
        28.05714,
        -26.19752
      ],
      [
        28.05521,
        -26.19712
      ],
      [
        28.05071,
        -26.19722
      ],
      [
        28.04615,
        -26.19765
      ],
      [
        28.04379,
        -26.1975
      ],
      [
        28.0397,
        -26.19789
      ],
      [
        28.03721,
        -26.19746
      ],
      [
        28.02944,
        -26.19705
      ],
      [
        28.02467,
        -26.19763
      ],
      [
        28.02343,
        -26.19758
      ],
      [
        28.02131,
        -26.19785
      ],
      [
        28.02006,
        -26.19821
      ],
      [
        28.01923,
        -26.19882
      ],
      [
        28.01888,
        -26.19953
      ],
      [
        28.01876,
        -26.20223
      ],
      [
        28.0185,
        -26.20306
      ],
      [
        28.01796,
        -26.20373
      ],
      [
        28.01744,
        -26.2041
      ],
      [
        28.01686,
        -26.20435
      ],
      [
        28.01614,
        -26.20446
      ],
      [
        28.00444,
        -26.20257
      ],
      [
        28.00123,
        -26.20157
      ],
      [
        27.99946,
        -26.20148
      ],
      [
        27.98686,
        -26.20165
      ],
      [
        27.98552,
        -26.20201
      ],
      [
        27.97928,
        -26.20464
      ],
      [
        27.97832,
        -26.20486
      ],
      [
        27.97765,
        -26.20484
      ],
      [
        27.97649,
        -26.20445
      ],
      [
        27.97093,
        -26.20104
      ],
      [
        27.96673,
        -26.19868
      ],
      [
        27.96468,
        -26.19837
      ],
      [
        27.95931,
        -26.19831
      ],
      [
        27.95838,
        -26.1984
      ],
      [
        27.95747,
        -26.19865
      ],
      [
        27.95643,
        -26.19915
      ],
      [
        27.95554,
        -26.19985
      ],
      [
        27.95495,
        -26.20054
      ],
      [
        27.95421,
        -26.20183
      ],
      [
        27.95049,
        -26.20968
      ],
      [
        27.95,
        -26.21045
      ],
      [
        27.94917,
        -26.21132
      ],
      [
        27.9483,
        -26.21201
      ],
      [
        27.9475,
        -26.21244
      ],
      [
        27.93638,
        -26.21624
      ],
      [
        27.93476,
        -26.21709
      ],
      [
        27.93407,
        -26.21776
      ],
      [
        27.93361,
        -26.21842
      ],
      [
        27.93209,
        -26.22241
      ],
      [
        27.9311,
        -26.22387
      ],
      [
        27.92982,
        -26.22497
      ],
      [
        27.92763,
        -26.22609
      ],
      [
        27.92502,
        -26.22765
      ],
      [
        27.91939,
        -26.23331
      ],
      [
        27.91852,
        -26.23465
      ],
      [
        27.91605,
        -26.23995
      ],
      [
        27.91046,
        -26.24712
      ],
      [
        27.88969,
        -26.26913
      ],
      [
        27.88857,
        -26.27047
      ],
      [
        27.88811,
        -26.27121
      ],
      [
        27.88784,
        -26.27197
      ],
      [
        27.88715,
        -26.27716
      ],
      [
        27.88666,
        -26.27827
      ],
      [
        27.88562,
        -26.27942
      ],
      [
        27.88456,
        -26.28005
      ],
      [
        27.87973,
        -26.282
      ],
      [
        27.87851,
        -26.28263
      ],
      [
        27.87699,
        -26.28384
      ],
      [
        27.87502,
        -26.2863
      ],
      [
        27.87372,
        -26.28748
      ],
      [
        27.87232,
        -26.28833
      ],
      [
        27.86904,
        -26.28963
      ],
      [
        27.86757,
        -26.29004
      ],
      [
        27.84654,
        -26.29417
      ],
      [
        27.82709,
        -26.30127
      ],
      [
        27.8253,
        -26.30167
      ],
      [
        27.82347,
        -26.3019
      ],
      [
        27.63124,
        -26.31406
      ],
      [
        27.53918,
        -26.31801
      ],
      [
        27.53704,
        -26.31797
      ],
      [
        27.53523,
        -26.31774
      ],
      [
        27.53351,
        -26.31737
      ],
      [
        27.5314,
        -26.31667
      ],
      [
        27.52943,
        -26.31574
      ],
      [
        27.52818,
        -26.31499
      ],
      [
        27.52321,
        -26.31113
      ],
      [
        27.5219,
        -26.31028
      ],
      [
        27.52057,
        -26.30976
      ],
      [
        27.51951,
        -26.30954
      ],
      [
        27.5173,
        -26.30957
      ],
      [
        27.51565,
        -26.31002
      ],
      [
        27.48319,
        -26.32446
      ],
      [
        27.4818,
        -26.32495
      ],
      [
        27.4797,
        -26.32525
      ],
      [
        27.47458,
        -26.32497
      ],
      [
        27.46571,
        -26.32557
      ],
      [
        27.45434,
        -26.32559
      ],
      [
        27.45181,
        -26.32587
      ],
      [
        27.44976,
        -26.32646
      ],
      [
        27.44659,
        -26.3279
      ],
      [
        27.44485,
        -26.3285
      ],
      [
        27.4116,
        -26.33664
      ],
      [
        27.40932,
        -26.3375
      ],
      [
        27.40508,
        -26.33982
      ],
      [
        27.40314,
        -26.34048
      ],
      [
        27.39789,
        -26.34165
      ],
      [
        27.39421,
        -26.34267
      ],
      [
        27.39191,
        -26.34316
      ],
      [
        27.39076,
        -26.34324
      ],
      [
        27.38929,
        -26.34354
      ],
      [
        27.34617,
        -26.35312
      ],
      [
        27.31274,
        -26.36712
      ],
      [
        27.30387,
        -26.37096
      ],
      [
        27.30103,
        -26.37268
      ],
      [
        27.29412,
        -26.37559
      ],
      [
        27.29303,
        -26.37597
      ],
      [
        27.29118,
        -26.37626
      ],
      [
        27.29013,
        -26.37655
      ],
      [
        27.26903,
        -26.3854
      ],
      [
        27.24323,
        -26.39452
      ],
      [
        27.2418,
        -26.39517
      ],
      [
        27.21966,
        -26.41054
      ],
      [
        27.2175,
        -26.4115
      ],
      [
        27.21421,
        -26.4122
      ],
      [
        27.21186,
        -26.4131
      ],
      [
        27.19511,
        -26.42258
      ],
      [
        27.1936,
        -26.42373
      ],
      [
        27.19261,
        -26.42483
      ],
      [
        27.17955,
        -26.44372
      ],
      [
        27.17482,
        -26.4557
      ],
      [
        27.16747,
        -26.46728
      ],
      [
        27.16371,
        -26.47595
      ],
      [
        27.1623,
        -26.47783
      ],
      [
        27.15932,
        -26.48061
      ],
      [
        27.15816,
        -26.48227
      ],
      [
        27.15706,
        -26.48468
      ],
      [
        27.15441,
        -26.49336
      ],
      [
        27.15381,
        -26.49479
      ],
      [
        27.14118,
        -26.51559
      ],
      [
        27.13835,
        -26.52171
      ],
      [
        27.13474,
        -26.52822
      ],
      [
        27.13399,
        -26.53061
      ],
      [
        27.13384,
        -26.53275
      ],
      [
        27.13403,
        -26.53436
      ],
      [
        27.13554,
        -26.54087
      ],
      [
        27.13563,
        -26.54256
      ],
      [
        27.13534,
        -26.54458
      ],
      [
        27.13178,
        -26.55476
      ],
      [
        27.12781,
        -26.56756
      ],
      [
        27.1255,
        -26.58098
      ],
      [
        27.12484,
        -26.58244
      ],
      [
        27.12125,
        -26.58848
      ],
      [
        27.12052,
        -26.59012
      ],
      [
        27.11354,
        -26.61584
      ],
      [
        27.11333,
        -26.61639
      ],
      [
        27.11248,
        -26.61766
      ],
      [
        27.10583,
        -26.62602
      ],
      [
        27.10498,
        -26.62823
      ],
      [
        27.10364,
        -26.63781
      ],
      [
        27.10305,
        -26.63951
      ],
      [
        27.10241,
        -26.64063
      ],
      [
        27.10127,
        -26.64198
      ],
      [
        27.09399,
        -26.64908
      ],
      [
        27.09317,
        -26.65014
      ],
      [
        27.09226,
        -26.65214
      ],
      [
        27.0883,
        -26.66346
      ],
      [
        27.08806,
        -26.6657
      ],
      [
        27.08827,
        -26.66714
      ],
      [
        27.0886,
        -26.66812
      ],
      [
        27.08966,
        -26.66993
      ],
      [
        27.0923,
        -26.67272
      ],
      [
        27.093,
        -26.6737
      ],
      [
        27.09376,
        -26.67552
      ],
      [
        27.09396,
        -26.67733
      ],
      [
        27.09373,
        -26.67888
      ],
      [
        27.09099,
        -26.6868
      ],
      [
        27.08916,
        -26.69145
      ],
      [
        27.0832,
        -26.70782
      ],
      [
        27.08321,
        -26.70873
      ],
      [
        27.08344,
        -26.70945
      ],
      [
        27.08702,
        -26.71616
      ],
      [
        27.08711,
        -26.71681
      ],
      [
        27.08696,
        -26.71759
      ],
      [
        27.08651,
        -26.71834
      ],
      [
        27.08599,
        -26.71879
      ],
      [
        27.07227,
        -26.72572
      ],
      [
        27.04791,
        -26.73918
      ],
      [
        27.03589,
        -26.74427
      ],
      [
        27.01741,
        -26.75472
      ],
      [
        27.01634,
        -26.75522
      ],
      [
        27.01475,
        -26.75575
      ],
      [
        27.01283,
        -26.75605
      ],
      [
        27.00162,
        -26.75611
      ],
      [
        26.99912,
        -26.75632
      ],
      [
        26.98301,
        -26.76114
      ],
      [
        26.98121,
        -26.76184
      ],
      [
        26.97947,
        -26.76304
      ],
      [
        26.97138,
        -26.77063
      ],
      [
        26.97027,
        -26.7714
      ],
      [
        26.96783,
        -26.77226
      ],
      [
        26.9652,
        -26.77279
      ],
      [
        26.9639,
        -26.77325
      ],
      [
        26.96147,
        -26.77459
      ],
      [
        26.9555,
        -26.77843
      ],
      [
        26.95033,
        -26.78151
      ],
      [
        26.94925,
        -26.78204
      ],
      [
        26.91749,
        -26.79552
      ],
      [
        26.91431,
        -26.79704
      ],
      [
        26.90708,
        -26.80224
      ],
      [
        26.90587,
        -26.80355
      ],
      [
        26.90368,
        -26.80679
      ],
      [
        26.90229,
        -26.80824
      ],
      [
        26.90101,
        -26.80915
      ],
      [
        26.8953,
        -26.81265
      ],
      [
        26.89305,
        -26.81352
      ],
      [
        26.88162,
        -26.81635
      ],
      [
        26.87994,
        -26.81648
      ],
      [
        26.87659,
        -26.81621
      ],
      [
        26.87504,
        -26.8162
      ],
      [
        26.87371,
        -26.81636
      ],
      [
        26.87215,
        -26.81684
      ],
      [
        26.87043,
        -26.81773
      ],
      [
        26.86933,
        -26.81861
      ],
      [
        26.86846,
        -26.81958
      ],
      [
        26.86606,
        -26.82295
      ],
      [
        26.86488,
        -26.8241
      ],
      [
        26.86343,
        -26.82505
      ],
      [
        26.86232,
        -26.82554
      ],
      [
        26.84867,
        -26.82856
      ],
      [
        26.82615,
        -26.83451
      ],
      [
        26.82417,
        -26.83536
      ],
      [
        26.82252,
        -26.83638
      ],
      [
        26.82147,
        -26.83726
      ],
      [
        26.81856,
        -26.84028
      ],
      [
        26.81693,
        -26.84143
      ],
      [
        26.81509,
        -26.84232
      ],
      [
        26.78494,
        -26.85011
      ],
      [
        26.78272,
        -26.85035
      ],
      [
        26.75929,
        -26.85177
      ],
      [
        26.71732,
        -26.85708
      ],
      [
        26.70985,
        -26.85744
      ],
      [
        26.70835,
        -26.85769
      ],
      [
        26.7067,
        -26.85818
      ],
      [
        26.70212,
        -26.86021
      ],
      [
        26.68694,
        -26.86272
      ],
      [
        26.67468,
        -26.86534
      ],
      [
        26.67371,
        -26.86568
      ],
      [
        26.67236,
        -26.86639
      ],
      [
        26.67162,
        -26.86698
      ],
      [
        26.67114,
        -26.86775
      ],
      [
        26.66694,
        -26.87884
      ],
      [
        26.66687,
        -26.87942
      ],
      [
        26.66722,
        -26.88345
      ],
      [
        26.6666,
        -26.88865
      ],
      [
        26.66735,
        -26.89599
      ],
      [
        26.66742,
        -26.89822
      ],
      [
        26.67088,
        -26.9306
      ],
      [
        26.67094,
        -26.93193
      ],
      [
        26.67082,
        -26.93306
      ],
      [
        26.66834,
        -26.94426
      ],
      [
        26.66763,
        -26.94624
      ],
      [
        26.66684,
        -26.94758
      ],
      [
        26.65977,
        -26.95685
      ],
      [
        26.65804,
        -26.96008
      ],
      [
        26.65475,
        -26.9673
      ],
      [
        26.65352,
        -26.96859
      ],
      [
        26.65275,
        -26.96903
      ],
      [
        26.65157,
        -26.96943
      ],
      [
        26.64912,
        -26.96954
      ],
      [
        26.64358,
        -26.96942
      ],
      [
        26.6423,
        -26.96949
      ],
      [
        26.64086,
        -26.96979
      ],
      [
        26.63971,
        -26.97022
      ],
      [
        26.63822,
        -26.9711
      ],
      [
        26.63309,
        -26.97542
      ],
      [
        26.63147,
        -26.97643
      ],
      [
        26.63049,
        -26.97687
      ],
      [
        26.62927,
        -26.97732
      ],
      [
        26.62726,
        -26.97775
      ],
      [
        26.6208,
        -26.97807
      ],
      [
        26.61941,
        -26.97829
      ],
      [
        26.61805,
        -26.97866
      ],
      [
        26.61661,
        -26.97923
      ],
      [
        26.61516,
        -26.98001
      ],
      [
        26.61413,
        -26.98076
      ],
      [
        26.61254,
        -26.98235
      ],
      [
        26.61152,
        -26.98375
      ],
      [
        26.60426,
        -26.99763
      ],
      [
        26.60303,
        -26.99936
      ],
      [
        26.60165,
        -27.00054
      ],
      [
        26.59993,
        -27.00147
      ],
      [
        26.59786,
        -27.00205
      ],
      [
        26.59292,
        -27.00264
      ],
      [
        26.59161,
        -27.0029
      ],
      [
        26.5896,
        -27.0037
      ],
      [
        26.58773,
        -27.00505
      ],
      [
        26.52218,
        -27.07853
      ],
      [
        26.52008,
        -27.08085
      ],
      [
        26.51901,
        -27.08173
      ],
      [
        26.48658,
        -27.09917
      ],
      [
        26.46158,
        -27.11343
      ],
      [
        26.42343,
        -27.13404
      ],
      [
        26.42143,
        -27.13485
      ],
      [
        26.41958,
        -27.13529
      ],
      [
        26.41799,
        -27.13546
      ],
      [
        26.4145,
        -27.13544
      ],
      [
        26.41173,
        -27.13558
      ],
      [
        26.40998,
        -27.13597
      ],
      [
        26.40844,
        -27.13664
      ],
      [
        26.40693,
        -27.13768
      ],
      [
        26.39487,
        -27.14793
      ],
      [
        26.39298,
        -27.14932
      ],
      [
        26.33895,
        -27.17778
      ],
      [
        26.3361,
        -27.17986
      ],
      [
        26.29679,
        -27.21356
      ],
      [
        26.29482,
        -27.21472
      ],
      [
        26.29369,
        -27.21524
      ],
      [
        26.23326,
        -27.24077
      ],
      [
        26.22858,
        -27.24236
      ],
      [
        26.22642,
        -27.24271
      ],
      [
        26.17287,
        -27.24841
      ],
      [
        26.1703,
        -27.2489
      ],
      [
        26.16838,
        -27.24953
      ],
      [
        26.16572,
        -27.25081
      ],
      [
        26.12313,
        -27.27513
      ],
      [
        26.08117,
        -27.29475
      ],
      [
        26.04615,
        -27.30514
      ],
      [
        26.02108,
        -27.31582
      ],
      [
        26.01867,
        -27.31636
      ],
      [
        26.01311,
        -27.31636
      ],
      [
        26.01176,
        -27.31651
      ],
      [
        26.0101,
        -27.31694
      ],
      [
        26.00243,
        -27.31977
      ],
      [
        25.99168,
        -27.32422
      ],
      [
        25.99025,
        -27.32493
      ],
      [
        25.89429,
        -27.39677
      ],
      [
        25.88476,
        -27.40406
      ],
      [
        25.8572,
        -27.42452
      ],
      [
        25.81108,
        -27.45913
      ],
      [
        25.80841,
        -27.46064
      ],
      [
        25.77976,
        -27.47534
      ],
      [
        25.77756,
        -27.47663
      ],
      [
        25.69554,
        -27.55214
      ],
      [
        25.64997,
        -27.5978
      ],
      [
        25.60954,
        -27.63813
      ],
      [
        25.60746,
        -27.64002
      ],
      [
        25.60634,
        -27.64068
      ],
      [
        25.60511,
        -27.64119
      ],
      [
        25.57761,
        -27.65099
      ],
      [
        25.44942,
        -27.68457
      ],
      [
        25.44544,
        -27.68626
      ],
      [
        25.39132,
        -27.71183
      ],
      [
        25.35508,
        -27.73812
      ],
      [
        25.34642,
        -27.74647
      ],
      [
        25.33144,
        -27.76258
      ],
      [
        25.33079,
        -27.76324
      ],
      [
        25.3292,
        -27.76447
      ],
      [
        25.32746,
        -27.76536
      ],
      [
        25.32633,
        -27.76578
      ],
      [
        25.30959,
        -27.77126
      ],
      [
        25.27142,
        -27.79075
      ],
      [
        25.26954,
        -27.79199
      ],
      [
        25.26816,
        -27.79343
      ],
      [
        25.26125,
        -27.80186
      ],
      [
        25.23271,
        -27.8291
      ],
      [
        25.22078,
        -27.8407
      ],
      [
        25.21517,
        -27.84637
      ],
      [
        25.17657,
        -27.89335
      ],
      [
        25.17555,
        -27.89438
      ],
      [
        25.17091,
        -27.89787
      ],
      [
        25.16974,
        -27.89862
      ],
      [
        25.16888,
        -27.899
      ],
      [
        25.12483,
        -27.9135
      ],
      [
        25.12317,
        -27.91409
      ],
      [
        25.12169,
        -27.91485
      ],
      [
        24.92741,
        -28.04314
      ],
      [
        24.87904,
        -28.07359
      ],
      [
        24.87825,
        -28.07416
      ],
      [
        24.87727,
        -28.07512
      ],
      [
        24.87648,
        -28.07625
      ],
      [
        24.87601,
        -28.07727
      ],
      [
        24.87573,
        -28.07829
      ],
      [
        24.87562,
        -28.07938
      ],
      [
        24.8772,
        -28.10172
      ],
      [
        24.8771,
        -28.1036
      ],
      [
        24.87666,
        -28.10542
      ],
      [
        24.87558,
        -28.10773
      ],
      [
        24.87441,
        -28.10931
      ],
      [
        24.87271,
        -28.11093
      ],
      [
        24.86305,
        -28.11908
      ],
      [
        24.86199,
        -28.12044
      ],
      [
        24.86155,
        -28.12149
      ],
      [
        24.86141,
        -28.12221
      ],
      [
        24.86142,
        -28.12564
      ],
      [
        24.86182,
        -28.12921
      ],
      [
        24.86313,
        -28.17803
      ],
      [
        24.86279,
        -28.18082
      ],
      [
        24.8499,
        -28.23944
      ],
      [
        24.84943,
        -28.24059
      ],
      [
        24.84894,
        -28.24138
      ],
      [
        24.8438,
        -28.24746
      ],
      [
        24.84296,
        -28.24868
      ],
      [
        24.83858,
        -28.25786
      ],
      [
        24.83716,
        -28.26207
      ],
      [
        24.83706,
        -28.26359
      ],
      [
        24.83734,
        -28.26834
      ],
      [
        24.83569,
        -28.27657
      ],
      [
        24.83552,
        -28.278
      ],
      [
        24.83618,
        -28.29203
      ],
      [
        24.83507,
        -28.30112
      ],
      [
        24.83678,
        -28.31387
      ],
      [
        24.83679,
        -28.31492
      ],
      [
        24.83655,
        -28.31639
      ],
      [
        24.83566,
        -28.31823
      ],
      [
        24.83422,
        -28.31979
      ],
      [
        24.83259,
        -28.32085
      ],
      [
        24.82567,
        -28.3248
      ],
      [
        24.82408,
        -28.32593
      ],
      [
        24.82297,
        -28.32711
      ],
      [
        24.82234,
        -28.32821
      ],
      [
        24.82191,
        -28.32938
      ],
      [
        24.82171,
        -28.3309
      ],
      [
        24.82198,
        -28.34316
      ],
      [
        24.81963,
        -28.35611
      ],
      [
        24.81938,
        -28.36233
      ],
      [
        24.81908,
        -28.36396
      ],
      [
        24.81124,
        -28.39465
      ],
      [
        24.80686,
        -28.4107
      ],
      [
        24.79733,
        -28.43806
      ],
      [
        24.79417,
        -28.45708
      ],
      [
        24.77925,
        -28.50175
      ],
      [
        24.77875,
        -28.50445
      ],
      [
        24.77857,
        -28.51117
      ],
      [
        24.77834,
        -28.51288
      ],
      [
        24.76989,
        -28.54785
      ],
      [
        24.76908,
        -28.5524
      ],
      [
        24.76682,
        -28.57106
      ],
      [
        24.76781,
        -28.60022
      ],
      [
        24.76806,
        -28.60238
      ],
      [
        24.77013,
        -28.60957
      ],
      [
        24.77042,
        -28.6114
      ],
      [
        24.77041,
        -28.63506
      ],
      [
        24.77116,
        -28.64581
      ],
      [
        24.77344,
        -28.66142
      ],
      [
        24.77477,
        -28.66949
      ],
      [
        24.77599,
        -28.6759
      ],
      [
        24.77622,
        -28.69942
      ],
      [
        24.7761,
        -28.70119
      ],
      [
        24.77571,
        -28.70227
      ],
      [
        24.76828,
        -28.71584
      ],
      [
        24.76789,
        -28.71719
      ],
      [
        24.76783,
        -28.71894
      ],
      [
        24.76808,
        -28.72021
      ],
      [
        24.76921,
        -28.7239
      ],
      [
        24.76928,
        -28.72482
      ],
      [
        24.76913,
        -28.72758
      ],
      [
        24.77006,
        -28.73726
      ],
      [
        24.77027,
        -28.73822
      ],
      [
        24.77058,
        -28.73882
      ],
      [
        24.77236,
        -28.74044
      ],
      [
        24.77401,
        -28.74135
      ],
      [
        24.77559,
        -28.74182
      ],
      [
        24.77766,
        -28.74217
      ],
      [
        24.78772,
        -28.74595
      ],
      [
        24.78913,
        -28.74663
      ],
      [
        24.79006,
        -28.74753
      ],
      [
        24.79065,
        -28.7484
      ],
      [
        24.79101,
        -28.74922
      ],
      [
        24.79119,
        -28.75047
      ],
      [
        24.79092,
        -28.75177
      ],
      [
        24.78876,
        -28.75634
      ],
      [
        24.78494,
        -28.76066
      ],
      [
        24.78314,
        -28.76297
      ],
      [
        24.78127,
        -28.76484
      ],
      [
        24.77645,
        -28.76786
      ],
      [
        24.77443,
        -28.76878
      ],
      [
        24.76905,
        -28.77207
      ],
      [
        24.76788,
        -28.77265
      ],
      [
        24.76717,
        -28.77321
      ],
      [
        24.76419,
        -28.77505
      ],
      [
        24.76323,
        -28.77585
      ],
      [
        24.76241,
        -28.77678
      ],
      [
        24.76112,
        -28.77913
      ],
      [
        24.76043,
        -28.78012
      ],
      [
        24.75947,
        -28.78109
      ],
      [
        24.75852,
        -28.78178
      ],
      [
        24.75612,
        -28.78289
      ],
      [
        24.74608,
        -28.7867
      ],
      [
        24.74403,
        -28.787
      ],
      [
        24.73876,
        -28.78699
      ],
      [
        24.73761,
        -28.78714
      ],
      [
        24.73615,
        -28.78754
      ],
      [
        24.72137,
        -28.79328
      ],
      [
        24.71937,
        -28.79465
      ],
      [
        24.71838,
        -28.7957
      ],
      [
        24.71779,
        -28.79658
      ],
      [
        24.71712,
        -28.79807
      ],
      [
        24.69909,
        -28.85223
      ],
      [
        24.68029,
        -28.88812
      ],
      [
        24.67367,
        -28.90667
      ],
      [
        24.67297,
        -28.91187
      ],
      [
        24.67257,
        -28.91327
      ],
      [
        24.66399,
        -28.92754
      ],
      [
        24.66346,
        -28.92861
      ],
      [
        24.66315,
        -28.92966
      ],
      [
        24.66303,
        -28.93075
      ],
      [
        24.66349,
        -28.94074
      ],
      [
        24.66326,
        -28.94261
      ],
      [
        24.64533,
        -29.0027
      ],
      [
        24.64476,
        -29.00422
      ],
      [
        24.63037,
        -29.03168
      ],
      [
        24.62326,
        -29.04283
      ],
      [
        24.57817,
        -29.13514
      ],
      [
        24.52447,
        -29.22523
      ],
      [
        24.52324,
        -29.22697
      ],
      [
        24.51201,
        -29.24062
      ],
      [
        24.51065,
        -29.2426
      ],
      [
        24.50935,
        -29.24534
      ],
      [
        24.50504,
        -29.25829
      ],
      [
        24.50443,
        -29.25976
      ],
      [
        24.50388,
        -29.2607
      ],
      [
        24.50232,
        -29.26267
      ],
      [
        24.49094,
        -29.27577
      ],
      [
        24.48446,
        -29.28169
      ],
      [
        24.48357,
        -29.28236
      ],
      [
        24.48212,
        -29.28311
      ],
      [
        24.48095,
        -29.28348
      ],
      [
        24.47795,
        -29.28412
      ],
      [
        24.47572,
        -29.28502
      ],
      [
        24.47388,
        -29.28619
      ],
      [
        24.47218,
        -29.28776
      ],
      [
        24.39982,
        -29.37996
      ],
      [
        24.36491,
        -29.41957
      ],
      [
        24.35432,
        -29.43254
      ],
      [
        24.3166,
        -29.46977
      ],
      [
        24.27953,
        -29.50905
      ],
      [
        24.27358,
        -29.51624
      ],
      [
        24.27013,
        -29.52145
      ],
      [
        24.25752,
        -29.53609
      ],
      [
        24.23355,
        -29.57253
      ],
      [
        24.21322,
        -29.61926
      ],
      [
        24.21216,
        -29.62095
      ],
      [
        24.2027,
        -29.63363
      ],
      [
        24.20163,
        -29.63548
      ],
      [
        24.20127,
        -29.6365
      ],
      [
        24.20083,
        -29.6389
      ],
      [
        24.20103,
        -29.64135
      ],
      [
        24.20155,
        -29.64304
      ],
      [
        24.2061,
        -29.6538
      ],
      [
        24.20661,
        -29.6553
      ],
      [
        24.20699,
        -29.65747
      ],
      [
        24.20728,
        -29.66234
      ],
      [
        24.20544,
        -29.74771
      ],
      [
        24.20519,
        -29.7532
      ],
      [
        24.20498,
        -29.75428
      ],
      [
        24.19938,
        -29.77269
      ],
      [
        24.1811,
        -29.87686
      ],
      [
        24.16983,
        -29.93383
      ],
      [
        24.16549,
        -29.98956
      ],
      [
        24.16526,
        -29.99125
      ],
      [
        24.15718,
        -30.01962
      ],
      [
        24.14987,
        -30.03549
      ],
      [
        24.14886,
        -30.03794
      ],
      [
        24.14587,
        -30.04789
      ],
      [
        24.14288,
        -30.06353
      ],
      [
        24.13837,
        -30.11448
      ],
      [
        24.12889,
        -30.16576
      ],
      [
        24.12858,
        -30.16681
      ],
      [
        24.12799,
        -30.16798
      ],
      [
        24.12735,
        -30.16883
      ],
      [
        24.12592,
        -30.17009
      ],
      [
        24.1243,
        -30.17098
      ],
      [
        24.11872,
        -30.17321
      ],
      [
        24.11684,
        -30.17441
      ],
      [
        24.11536,
        -30.17609
      ],
      [
        24.11482,
        -30.17714
      ],
      [
        24.11441,
        -30.17856
      ],
      [
        24.11437,
        -30.18036
      ],
      [
        24.11663,
        -30.1939
      ],
      [
        24.11675,
        -30.19563
      ],
      [
        24.11337,
        -30.23251
      ],
      [
        24.09768,
        -30.35825
      ],
      [
        24.09737,
        -30.36474
      ],
      [
        24.09734,
        -30.37491
      ],
      [
        24.09718,
        -30.37665
      ],
      [
        24.08866,
        -30.42333
      ],
      [
        24.08386,
        -30.46059
      ],
      [
        24.08349,
        -30.46178
      ],
      [
        24.08195,
        -30.46513
      ],
      [
        24.08086,
        -30.46697
      ],
      [
        24.06648,
        -30.48389
      ],
      [
        24.06596,
        -30.48494
      ],
      [
        24.06513,
        -30.48763
      ],
      [
        24.06436,
        -30.48937
      ],
      [
        24.05255,
        -30.50774
      ],
      [
        24.04037,
        -30.53106
      ],
      [
        24.03925,
        -30.53352
      ],
      [
        24.03841,
        -30.53637
      ],
      [
        24.03763,
        -30.54173
      ],
      [
        24.0335,
        -30.55745
      ],
      [
        24.03332,
        -30.55892
      ],
      [
        24.03315,
        -30.56606
      ],
      [
        24.03256,
        -30.56984
      ],
      [
        24.03203,
        -30.57137
      ],
      [
        24.02917,
        -30.5768
      ],
      [
        24.02859,
        -30.57861
      ],
      [
        24.02703,
        -30.59864
      ],
      [
        24.02678,
        -30.60021
      ],
      [
        24.02583,
        -30.60262
      ],
      [
        24.01518,
        -30.62127
      ],
      [
        24.01457,
        -30.62273
      ],
      [
        24.01338,
        -30.62728
      ],
      [
        24.0131,
        -30.62899
      ],
      [
        24.01317,
        -30.63432
      ],
      [
        24.01278,
        -30.63674
      ],
      [
        24.01276,
        -30.63794
      ],
      [
        24.01294,
        -30.6411
      ],
      [
        24.01355,
        -30.64391
      ],
      [
        24.01416,
        -30.65628
      ],
      [
        24.01393,
        -30.65936
      ],
      [
        24.01318,
        -30.66244
      ],
      [
        24.01241,
        -30.6644
      ],
      [
        24.01078,
        -30.66726
      ],
      [
        23.99009,
        -30.6963
      ],
      [
        23.98901,
        -30.69819
      ],
      [
        23.98811,
        -30.70094
      ],
      [
        23.98376,
        -30.72277
      ],
      [
        23.98335,
        -30.72408
      ],
      [
        23.97622,
        -30.74161
      ],
      [
        23.96742,
        -30.75923
      ],
      [
        23.95588,
        -30.78645
      ],
      [
        23.95557,
        -30.78752
      ],
      [
        23.95476,
        -30.79245
      ],
      [
        23.95265,
        -30.83925
      ],
      [
        23.95278,
        -30.84042
      ],
      [
        23.95308,
        -30.84145
      ],
      [
        23.95517,
        -30.84598
      ],
      [
        23.95583,
        -30.84774
      ],
      [
        23.95604,
        -30.84871
      ],
      [
        23.9591,
        -30.87979
      ],
      [
        23.95891,
        -30.88209
      ],
      [
        23.95822,
        -30.88413
      ],
      [
        23.95751,
        -30.88542
      ],
      [
        23.95625,
        -30.88702
      ],
      [
        23.94551,
        -30.89686
      ],
      [
        23.93073,
        -30.90625
      ],
      [
        23.88047,
        -30.94261
      ],
      [
        23.86575,
        -30.95438
      ],
      [
        23.86362,
        -30.95559
      ],
      [
        23.85759,
        -30.95842
      ],
      [
        23.85341,
        -30.96097
      ],
      [
        23.84675,
        -30.96519
      ],
      [
        23.84125,
        -30.96966
      ],
      [
        23.83843,
        -30.97159
      ],
      [
        23.81523,
        -30.98565
      ],
      [
        23.81381,
        -30.98626
      ],
      [
        23.81265,
        -30.98656
      ],
      [
        23.80473,
        -30.98787
      ],
      [
        23.80314,
        -30.98853
      ],
      [
        23.79109,
        -30.99816
      ],
      [
        23.78941,
        -30.99997
      ],
      [
        23.78261,
        -31.00827
      ],
      [
        23.77707,
        -31.01385
      ],
      [
        23.77493,
        -31.01618
      ],
      [
        23.75178,
        -31.04341
      ],
      [
        23.73245,
        -31.06412
      ],
      [
        23.73053,
        -31.06588
      ],
      [
        23.71226,
        -31.08132
      ],
      [
        23.69197,
        -31.10065
      ],
      [
        23.67015,
        -31.12371
      ],
      [
        23.65099,
        -31.14284
      ],
      [
        23.64625,
        -31.14763
      ],
      [
        23.64476,
        -31.14931
      ],
      [
        23.63192,
        -31.16591
      ],
      [
        23.63104,
        -31.16732
      ],
      [
        23.63021,
        -31.1692
      ],
      [
        23.628,
        -31.17507
      ],
      [
        23.62767,
        -31.17627
      ],
      [
        23.62562,
        -31.18756
      ],
      [
        23.62565,
        -31.19032
      ],
      [
        23.62683,
        -31.19621
      ],
      [
        23.62677,
        -31.19821
      ],
      [
        23.62641,
        -31.19942
      ],
      [
        23.62473,
        -31.20312
      ],
      [
        23.62287,
        -31.20644
      ],
      [
        23.62245,
        -31.20745
      ],
      [
        23.62171,
        -31.20835
      ],
      [
        23.61093,
        -31.21503
      ],
      [
        23.60921,
        -31.21587
      ],
      [
        23.60831,
        -31.21617
      ],
      [
        23.57943,
        -31.22469
      ],
      [
        23.55947,
        -31.22999
      ],
      [
        23.5138,
        -31.24025
      ],
      [
        23.51178,
        -31.24088
      ],
      [
        23.5097,
        -31.24182
      ],
      [
        23.3857,
        -31.32064
      ],
      [
        23.37373,
        -31.32855
      ],
      [
        23.36317,
        -31.33659
      ],
      [
        23.33681,
        -31.35921
      ],
      [
        23.32463,
        -31.3713
      ],
      [
        23.28648,
        -31.4016
      ],
      [
        23.27753,
        -31.4097
      ],
      [
        23.26921,
        -31.41673
      ],
      [
        23.26359,
        -31.42225
      ],
      [
        23.19535,
        -31.48374
      ],
      [
        23.1938,
        -31.48529
      ],
      [
        23.19322,
        -31.48613
      ],
      [
        23.19252,
        -31.48776
      ],
      [
        23.18314,
        -31.51464
      ],
      [
        23.15892,
        -31.5946
      ],
      [
        23.15874,
        -31.61113
      ],
      [
        23.15887,
        -31.61232
      ],
      [
        23.1606,
        -31.61885
      ],
      [
        23.16056,
        -31.62401
      ],
      [
        23.16034,
        -31.62618
      ],
      [
        23.15703,
        -31.6473
      ],
      [
        23.15696,
        -31.64851
      ],
      [
        23.15725,
        -31.65021
      ],
      [
        23.15928,
        -31.65596
      ],
      [
        23.162,
        -31.66087
      ],
      [
        23.1624,
        -31.66195
      ],
      [
        23.16262,
        -31.66332
      ],
      [
        23.16271,
        -31.67077
      ],
      [
        23.16284,
        -31.67229
      ],
      [
        23.16339,
        -31.67387
      ],
      [
        23.16758,
        -31.683
      ],
      [
        23.16993,
        -31.69244
      ],
      [
        23.17179,
        -31.69572
      ],
      [
        23.17324,
        -31.69772
      ],
      [
        23.17437,
        -31.69866
      ],
      [
        23.1784,
        -31.70103
      ],
      [
        23.17919,
        -31.70164
      ],
      [
        23.17981,
        -31.70225
      ],
      [
        23.1807,
        -31.70349
      ],
      [
        23.18137,
        -31.70533
      ],
      [
        23.18465,
        -31.72157
      ],
      [
        23.18526,
        -31.72315
      ],
      [
        23.18591,
        -31.72415
      ],
      [
        23.18668,
        -31.72501
      ],
      [
        23.18774,
        -31.72585
      ],
      [
        23.18923,
        -31.72666
      ],
      [
        23.19072,
        -31.72715
      ],
      [
        23.19181,
        -31.72734
      ],
      [
        23.1956,
        -31.72735
      ],
      [
        23.19774,
        -31.72765
      ],
      [
        23.1997,
        -31.72841
      ],
      [
        23.20144,
        -31.72963
      ],
      [
        23.20283,
        -31.73132
      ],
      [
        23.20355,
        -31.73302
      ],
      [
        23.20428,
        -31.73744
      ],
      [
        23.20425,
        -31.73875
      ],
      [
        23.20401,
        -31.73982
      ],
      [
        23.20312,
        -31.74163
      ],
      [
        23.20206,
        -31.74284
      ],
      [
        23.19261,
        -31.75103
      ],
      [
        23.19181,
        -31.75212
      ],
      [
        23.19077,
        -31.75442
      ],
      [
        23.18998,
        -31.75572
      ],
      [
        23.18912,
        -31.75667
      ],
      [
        23.18664,
        -31.7587
      ],
      [
        23.18541,
        -31.76039
      ],
      [
        23.18475,
        -31.76221
      ],
      [
        23.18434,
        -31.76629
      ],
      [
        23.18402,
        -31.76761
      ],
      [
        23.18338,
        -31.76893
      ],
      [
        23.17706,
        -31.77903
      ],
      [
        23.17663,
        -31.78036
      ],
      [
        23.17555,
        -31.78554
      ],
      [
        23.17475,
        -31.78776
      ],
      [
        23.17306,
        -31.79048
      ],
      [
        23.16698,
        -31.7977
      ],
      [
        23.16625,
        -31.79915
      ],
      [
        23.16587,
        -31.80105
      ],
      [
        23.16573,
        -31.80667
      ],
      [
        23.16472,
        -31.81011
      ],
      [
        23.16375,
        -31.81628
      ],
      [
        23.16304,
        -31.81786
      ],
      [
        23.158,
        -31.82353
      ],
      [
        23.15674,
        -31.82447
      ],
      [
        23.15404,
        -31.82601
      ],
      [
        23.15276,
        -31.82714
      ],
      [
        23.14046,
        -31.84184
      ],
      [
        23.13362,
        -31.85038
      ],
      [
        23.12909,
        -31.85548
      ],
      [
        23.12648,
        -31.85905
      ],
      [
        23.12177,
        -31.86651
      ],
      [
        23.11139,
        -31.88071
      ],
      [
        23.11042,
        -31.88176
      ],
      [
        23.10931,
        -31.88261
      ],
      [
        23.10735,
        -31.88353
      ],
      [
        23.10575,
        -31.88392
      ],
      [
        23.08675,
        -31.88503
      ],
      [
        23.08502,
        -31.88528
      ],
      [
        23.08346,
        -31.88578
      ],
      [
        23.0804,
        -31.88713
      ],
      [
        23.06589,
        -31.8977
      ],
      [
        23.06207,
        -31.89938
      ],
      [
        23.06105,
        -31.90003
      ],
      [
        23.06054,
        -31.90059
      ],
      [
        23.05862,
        -31.90358
      ],
      [
        23.05492,
        -31.90708
      ],
      [
        23.05421,
        -31.90826
      ],
      [
        23.05235,
        -31.91371
      ],
      [
        23.05025,
        -31.92572
      ],
      [
        23.04993,
        -31.92701
      ],
      [
        23.04943,
        -31.92812
      ],
      [
        23.04622,
        -31.93264
      ],
      [
        23.04119,
        -31.93779
      ],
      [
        23.03986,
        -31.9387
      ],
      [
        23.03729,
        -31.93963
      ],
      [
        23.03657,
        -31.94002
      ],
      [
        23.03564,
        -31.94086
      ],
      [
        23.03504,
        -31.94176
      ],
      [
        23.0208,
        -31.97515
      ],
      [
        23.01599,
        -31.98551
      ],
      [
        23.01527,
        -31.98801
      ],
      [
        23.01308,
        -31.9984
      ],
      [
        23.01236,
        -32.00207
      ],
      [
        23.01228,
        -32.00391
      ],
      [
        23.0139,
        -32.02685
      ],
      [
        23.01388,
        -32.02895
      ],
      [
        23.00847,
        -32.0539
      ],
      [
        23.00804,
        -32.05492
      ],
      [
        23.00468,
        -32.06106
      ],
      [
        23.00429,
        -32.06214
      ],
      [
        23.00417,
        -32.06322
      ],
      [
        23.00796,
        -32.08794
      ],
      [
        23.00791,
        -32.08943
      ],
      [
        23.00693,
        -32.0938
      ],
      [
        23.00646,
        -32.10013
      ],
      [
        23.00678,
        -32.10196
      ],
      [
        23.00794,
        -32.1049
      ],
      [
        23.00805,
        -32.10694
      ],
      [
        23.00761,
        -32.10862
      ],
      [
        23.00658,
        -32.11037
      ],
      [
        22.99888,
        -32.11884
      ],
      [
        22.99778,
        -32.11985
      ],
      [
        22.99206,
        -32.12459
      ],
      [
        22.99089,
        -32.1254
      ],
      [
        22.98933,
        -32.12611
      ],
      [
        22.98308,
        -32.12822
      ],
      [
        22.98126,
        -32.12854
      ],
      [
        22.96919,
        -32.1296
      ],
      [
        22.95802,
        -32.13196
      ],
      [
        22.93903,
        -32.13532
      ],
      [
        22.93634,
        -32.136
      ],
      [
        22.92545,
        -32.13998
      ],
      [
        22.92368,
        -32.14079
      ],
      [
        22.92193,
        -32.14217
      ],
      [
        22.91751,
        -32.14704
      ],
      [
        22.91572,
        -32.14828
      ],
      [
        22.90217,
        -32.15364
      ],
      [
        22.90078,
        -32.15407
      ],
      [
        22.89844,
        -32.15436
      ],
      [
        22.89646,
        -32.15415
      ],
      [
        22.89476,
        -32.15364
      ],
      [
        22.89105,
        -32.15195
      ],
      [
        22.88983,
        -32.15162
      ],
      [
        22.88834,
        -32.15144
      ],
      [
        22.88581,
        -32.15165
      ],
      [
        22.88444,
        -32.15205
      ],
      [
        22.88304,
        -32.15271
      ],
      [
        22.88165,
        -32.15374
      ],
      [
        22.88054,
        -32.15499
      ],
      [
        22.86762,
        -32.17656
      ],
      [
        22.86723,
        -32.17754
      ],
      [
        22.86687,
        -32.17926
      ],
      [
        22.86625,
        -32.18883
      ],
      [
        22.86592,
        -32.19059
      ],
      [
        22.86505,
        -32.19266
      ],
      [
        22.8599,
        -32.20241
      ],
      [
        22.85913,
        -32.20365
      ],
      [
        22.85801,
        -32.20494
      ],
      [
        22.84991,
        -32.21362
      ],
      [
        22.84843,
        -32.21487
      ],
      [
        22.84739,
        -32.21546
      ],
      [
        22.81572,
        -32.23014
      ],
      [
        22.80547,
        -32.2337
      ],
      [
        22.79149,
        -32.23942
      ],
      [
        22.75685,
        -32.25597
      ],
      [
        22.7097,
        -32.27628
      ],
      [
        22.70789,
        -32.27738
      ],
      [
        22.70469,
        -32.28046
      ],
      [
        22.70317,
        -32.28151
      ],
      [
        22.67658,
        -32.2934
      ],
      [
        22.66414,
        -32.298
      ],
      [
        22.66251,
        -32.2987
      ],
      [
        22.58463,
        -32.33755
      ],
      [
        22.58301,
        -32.3385
      ],
      [
        22.57875,
        -32.34162
      ],
      [
        22.57787,
        -32.34258
      ],
      [
        22.57756,
        -32.34379
      ],
      [
        22.57773,
        -32.34465
      ],
      [
        22.57909,
        -32.34784
      ],
      [
        22.57917,
        -32.34869
      ],
      [
        22.57907,
        -32.34915
      ],
      [
        22.5787,
        -32.34988
      ],
      [
        22.57704,
        -32.35208
      ],
      [
        22.57879,
        -32.34975
      ],
      [
        22.57914,
        -32.34889
      ],
      [
        22.57909,
        -32.34784
      ],
      [
        22.57816,
        -32.34564
      ],
      [
        22.5789,
        -32.34762
      ],
      [
        22.57889,
        -32.3486
      ],
      [
        22.578,
        -32.35028
      ],
      [
        22.57509,
        -32.35399
      ],
      [
        22.56273,
        -32.36333
      ],
      [
        22.55537,
        -32.36729
      ],
      [
        22.54561,
        -32.37285
      ],
      [
        22.54423,
        -32.37414
      ],
      [
        22.53685,
        -32.3824
      ],
      [
        22.52822,
        -32.39407
      ],
      [
        22.52734,
        -32.39582
      ],
      [
        22.52708,
        -32.39699
      ],
      [
        22.52704,
        -32.39823
      ],
      [
        22.52791,
        -32.40644
      ],
      [
        22.52801,
        -32.4078
      ],
      [
        22.52791,
        -32.40899
      ],
      [
        22.52759,
        -32.41013
      ],
      [
        22.52402,
        -32.41959
      ],
      [
        22.5228,
        -32.4224
      ],
      [
        22.52169,
        -32.42376
      ],
      [
        22.52018,
        -32.42492
      ],
      [
        22.51423,
        -32.42777
      ],
      [
        22.50945,
        -32.43037
      ],
      [
        22.50777,
        -32.43153
      ],
      [
        22.5067,
        -32.43252
      ],
      [
        22.50543,
        -32.43415
      ],
      [
        22.50361,
        -32.43776
      ],
      [
        22.50273,
        -32.43906
      ],
      [
        22.50126,
        -32.44064
      ],
      [
        22.49962,
        -32.44187
      ],
      [
        22.49768,
        -32.44293
      ],
      [
        22.49518,
        -32.4438
      ],
      [
        22.49413,
        -32.44403
      ],
      [
        22.47948,
        -32.44595
      ],
      [
        22.47848,
        -32.44629
      ],
      [
        22.47552,
        -32.44769
      ],
      [
        22.47459,
        -32.44798
      ],
      [
        22.46739,
        -32.44802
      ],
      [
        22.46384,
        -32.4492
      ],
      [
        22.45919,
        -32.45018
      ],
      [
        22.45707,
        -32.45047
      ],
      [
        22.45476,
        -32.45059
      ],
      [
        22.45413,
        -32.45074
      ],
      [
        22.45362,
        -32.45098
      ],
      [
        22.45297,
        -32.45153
      ],
      [
        22.44892,
        -32.45562
      ],
      [
        22.44828,
        -32.45703
      ],
      [
        22.44761,
        -32.46011
      ],
      [
        22.447,
        -32.46115
      ],
      [
        22.44464,
        -32.4629
      ],
      [
        22.44208,
        -32.46394
      ],
      [
        22.44032,
        -32.46421
      ],
      [
        22.43624,
        -32.46414
      ],
      [
        22.43477,
        -32.46387
      ],
      [
        22.43011,
        -32.46256
      ],
      [
        22.42841,
        -32.46237
      ],
      [
        22.42708,
        -32.46249
      ],
      [
        22.4245,
        -32.46296
      ],
      [
        22.4228,
        -32.46355
      ],
      [
        22.42182,
        -32.46415
      ],
      [
        22.41877,
        -32.46659
      ],
      [
        22.41595,
        -32.46903
      ],
      [
        22.4148,
        -32.47073
      ],
      [
        22.41167,
        -32.47703
      ],
      [
        22.4107,
        -32.47862
      ],
      [
        22.4097,
        -32.47971
      ],
      [
        22.40871,
        -32.4805
      ],
      [
        22.40042,
        -32.486
      ],
      [
        22.39257,
        -32.49285
      ],
      [
        22.38589,
        -32.49902
      ],
      [
        22.38222,
        -32.50138
      ],
      [
        22.38008,
        -32.50231
      ],
      [
        22.36772,
        -32.50695
      ],
      [
        22.36597,
        -32.50778
      ],
      [
        22.36372,
        -32.50937
      ],
      [
        22.35928,
        -32.51431
      ],
      [
        22.35831,
        -32.51509
      ],
      [
        22.35718,
        -32.51574
      ],
      [
        22.35525,
        -32.51643
      ],
      [
        22.3481,
        -32.51769
      ],
      [
        22.34635,
        -32.51815
      ],
      [
        22.34441,
        -32.51895
      ],
      [
        22.33592,
        -32.52302
      ],
      [
        22.32317,
        -32.53164
      ],
      [
        22.29193,
        -32.54984
      ],
      [
        22.29079,
        -32.55072
      ],
      [
        22.28807,
        -32.55348
      ],
      [
        22.28667,
        -32.55469
      ],
      [
        22.27881,
        -32.56106
      ],
      [
        22.27732,
        -32.56202
      ],
      [
        22.27623,
        -32.56247
      ],
      [
        22.27498,
        -32.56277
      ],
      [
        22.26581,
        -32.56386
      ],
      [
        22.2637,
        -32.56439
      ],
      [
        22.26192,
        -32.56532
      ],
      [
        22.25535,
        -32.56999
      ],
      [
        22.25389,
        -32.57087
      ],
      [
        22.24062,
        -32.57606
      ],
      [
        22.22403,
        -32.5831
      ],
      [
        22.20758,
        -32.59152
      ],
      [
        22.20357,
        -32.59369
      ],
      [
        22.20236,
        -32.59471
      ],
      [
        22.19482,
        -32.60576
      ],
      [
        22.19076,
        -32.60962
      ],
      [
        22.18799,
        -32.61382
      ],
      [
        22.18744,
        -32.61438
      ],
      [
        22.1864,
        -32.61508
      ],
      [
        22.17914,
        -32.61779
      ],
      [
        22.15658,
        -32.62384
      ],
      [
        22.15082,
        -32.62654
      ],
      [
        22.14664,
        -32.62782
      ],
      [
        22.14516,
        -32.62857
      ],
      [
        22.12348,
        -32.64606
      ],
      [
        22.12254,
        -32.64723
      ],
      [
        22.12002,
        -32.65173
      ],
      [
        22.11492,
        -32.65897
      ],
      [
        22.11374,
        -32.66003
      ],
      [
        22.11,
        -32.66273
      ],
      [
        22.10857,
        -32.66422
      ],
      [
        22.1078,
        -32.66562
      ],
      [
        22.10475,
        -32.67347
      ],
      [
        22.1038,
        -32.67501
      ],
      [
        22.10285,
        -32.67597
      ],
      [
        22.09312,
        -32.68436
      ],
      [
        22.09178,
        -32.68521
      ],
      [
        22.08592,
        -32.68837
      ],
      [
        22.07702,
        -32.69429
      ],
      [
        22.07539,
        -32.69564
      ],
      [
        22.06593,
        -32.70506
      ],
      [
        22.05155,
        -32.71432
      ],
      [
        22.04498,
        -32.71975
      ],
      [
        22.04178,
        -32.72221
      ],
      [
        22.04049,
        -32.72292
      ],
      [
        22.03944,
        -32.72331
      ],
      [
        22.03454,
        -32.72446
      ],
      [
        22.02555,
        -32.72699
      ],
      [
        22.02404,
        -32.72762
      ],
      [
        22.02323,
        -32.72812
      ],
      [
        22.01541,
        -32.73423
      ],
      [
        22.01478,
        -32.73525
      ],
      [
        22.01264,
        -32.7407
      ],
      [
        22.01217,
        -32.7414
      ],
      [
        22.0114,
        -32.74214
      ],
      [
        22.00459,
        -32.74611
      ],
      [
        22.00298,
        -32.74685
      ],
      [
        21.99872,
        -32.74828
      ],
      [
        21.99798,
        -32.74869
      ],
      [
        21.99728,
        -32.74932
      ],
      [
        21.98503,
        -32.76442
      ],
      [
        21.98445,
        -32.76539
      ],
      [
        21.98367,
        -32.76718
      ],
      [
        21.98282,
        -32.76854
      ],
      [
        21.97855,
        -32.77317
      ],
      [
        21.97797,
        -32.7741
      ],
      [
        21.97433,
        -32.78951
      ],
      [
        21.97194,
        -32.7949
      ],
      [
        21.97139,
        -32.79685
      ],
      [
        21.96965,
        -32.80727
      ],
      [
        21.97005,
        -32.81446
      ],
      [
        21.96988,
        -32.81608
      ],
      [
        21.96553,
        -32.8287
      ],
      [
        21.9591,
        -32.84621
      ],
      [
        21.95587,
        -32.85087
      ],
      [
        21.9502,
        -32.85737
      ],
      [
        21.94798,
        -32.85943
      ],
      [
        21.94687,
        -32.86028
      ],
      [
        21.94569,
        -32.86092
      ],
      [
        21.9372,
        -32.86483
      ],
      [
        21.93631,
        -32.86546
      ],
      [
        21.93193,
        -32.86925
      ],
      [
        21.93038,
        -32.87038
      ],
      [
        21.92544,
        -32.87232
      ],
      [
        21.91285,
        -32.87497
      ],
      [
        21.88646,
        -32.88291
      ],
      [
        21.88505,
        -32.88311
      ],
      [
        21.88222,
        -32.88315
      ],
      [
        21.88097,
        -32.8833
      ],
      [
        21.87444,
        -32.88509
      ],
      [
        21.85936,
        -32.89105
      ],
      [
        21.85705,
        -32.89218
      ],
      [
        21.85331,
        -32.89442
      ],
      [
        21.8507,
        -32.89548
      ],
      [
        21.79537,
        -32.91189
      ],
      [
        21.78613,
        -32.91359
      ],
      [
        21.78478,
        -32.91433
      ],
      [
        21.78407,
        -32.91513
      ],
      [
        21.78356,
        -32.91637
      ],
      [
        21.7835,
        -32.91774
      ],
      [
        21.7833,
        -32.91855
      ],
      [
        21.78272,
        -32.91951
      ],
      [
        21.78198,
        -32.92018
      ],
      [
        21.78126,
        -32.9206
      ],
      [
        21.77342,
        -32.92392
      ],
      [
        21.77006,
        -32.92556
      ],
      [
        21.76874,
        -32.92578
      ],
      [
        21.76015,
        -32.92554
      ],
      [
        21.75803,
        -32.92569
      ],
      [
        21.73523,
        -32.93211
      ],
      [
        21.73384,
        -32.93289
      ],
      [
        21.72979,
        -32.93598
      ],
      [
        21.70387,
        -32.9561
      ],
      [
        21.70249,
        -32.95733
      ],
      [
        21.70097,
        -32.95916
      ],
      [
        21.7001,
        -32.96046
      ],
      [
        21.699,
        -32.96347
      ],
      [
        21.6956,
        -32.97076
      ],
      [
        21.69529,
        -32.97214
      ],
      [
        21.69525,
        -32.97558
      ],
      [
        21.69447,
        -32.97878
      ],
      [
        21.69409,
        -32.97969
      ],
      [
        21.6934,
        -32.98065
      ],
      [
        21.69261,
        -32.98133
      ],
      [
        21.68596,
        -32.98542
      ],
      [
        21.68533,
        -32.98594
      ],
      [
        21.68472,
        -32.98702
      ],
      [
        21.68413,
        -32.99098
      ],
      [
        21.68384,
        -32.9915
      ],
      [
        21.68316,
        -32.99222
      ],
      [
        21.67317,
        -32.99911
      ],
      [
        21.65935,
        -33.00694
      ],
      [
        21.65424,
        -33.0093
      ],
      [
        21.64959,
        -33.01101
      ],
      [
        21.646,
        -33.01169
      ],
      [
        21.64434,
        -33.01217
      ],
      [
        21.64326,
        -33.01281
      ],
      [
        21.64177,
        -33.01394
      ],
      [
        21.64082,
        -33.01441
      ],
      [
        21.63291,
        -33.0168
      ],
      [
        21.62891,
        -33.01763
      ],
      [
        21.62588,
        -33.01775
      ],
      [
        21.62488,
        -33.01798
      ],
      [
        21.61741,
        -33.02203
      ],
      [
        21.61616,
        -33.02254
      ],
      [
        21.61301,
        -33.02343
      ],
      [
        21.61036,
        -33.02506
      ],
      [
        21.60947,
        -33.02534
      ],
      [
        21.60488,
        -33.02625
      ],
      [
        21.60408,
        -33.02663
      ],
      [
        21.60048,
        -33.02904
      ],
      [
        21.59476,
        -33.03071
      ],
      [
        21.59355,
        -33.03159
      ],
      [
        21.5929,
        -33.03255
      ],
      [
        21.59176,
        -33.03671
      ],
      [
        21.59123,
        -33.03778
      ],
      [
        21.59033,
        -33.03866
      ],
      [
        21.58751,
        -33.04059
      ],
      [
        21.5837,
        -33.04185
      ],
      [
        21.58191,
        -33.04216
      ],
      [
        21.55352,
        -33.0445
      ],
      [
        21.55136,
        -33.04498
      ],
      [
        21.54052,
        -33.04807
      ],
      [
        21.53838,
        -33.0491
      ],
      [
        21.53766,
        -33.04966
      ],
      [
        21.53703,
        -33.05041
      ],
      [
        21.5366,
        -33.05141
      ],
      [
        21.53576,
        -33.05605
      ],
      [
        21.53516,
        -33.05704
      ],
      [
        21.53422,
        -33.05796
      ],
      [
        21.53229,
        -33.0589
      ],
      [
        21.52874,
        -33.06025
      ],
      [
        21.52444,
        -33.06122
      ],
      [
        21.52062,
        -33.06224
      ],
      [
        21.51635,
        -33.06288
      ],
      [
        21.51253,
        -33.06404
      ],
      [
        21.51115,
        -33.06425
      ],
      [
        21.50959,
        -33.06427
      ],
      [
        21.50512,
        -33.06373
      ],
      [
        21.49468,
        -33.06423
      ],
      [
        21.4933,
        -33.06439
      ],
      [
        21.49167,
        -33.06487
      ],
      [
        21.48592,
        -33.06726
      ],
      [
        21.48265,
        -33.06793
      ],
      [
        21.46942,
        -33.06759
      ],
      [
        21.46728,
        -33.06782
      ],
      [
        21.46528,
        -33.06846
      ],
      [
        21.46108,
        -33.07022
      ],
      [
        21.45548,
        -33.07203
      ],
      [
        21.4538,
        -33.07219
      ],
      [
        21.44843,
        -33.07203
      ],
      [
        21.44686,
        -33.07224
      ],
      [
        21.44584,
        -33.07269
      ],
      [
        21.44357,
        -33.07405
      ],
      [
        21.43244,
        -33.07801
      ],
      [
        21.43084,
        -33.07829
      ],
      [
        21.42551,
        -33.07863
      ],
      [
        21.42099,
        -33.07965
      ],
      [
        21.41955,
        -33.08026
      ],
      [
        21.4157,
        -33.08268
      ],
      [
        21.41398,
        -33.08334
      ],
      [
        21.40346,
        -33.08488
      ],
      [
        21.39878,
        -33.08619
      ],
      [
        21.39725,
        -33.08628
      ],
      [
        21.3943,
        -33.08618
      ],
      [
        21.39282,
        -33.08635
      ],
      [
        21.3916,
        -33.08667
      ],
      [
        21.37558,
        -33.09267
      ],
      [
        21.37347,
        -33.09369
      ],
      [
        21.37162,
        -33.09496
      ],
      [
        21.3699,
        -33.09629
      ],
      [
        21.36923,
        -33.09725
      ],
      [
        21.36897,
        -33.09806
      ],
      [
        21.3685,
        -33.10157
      ],
      [
        21.36808,
        -33.10258
      ],
      [
        21.36741,
        -33.10354
      ],
      [
        21.36026,
        -33.10939
      ],
      [
        21.35782,
        -33.1112
      ],
      [
        21.35177,
        -33.11403
      ],
      [
        21.33748,
        -33.11996
      ],
      [
        21.32882,
        -33.12279
      ],
      [
        21.32742,
        -33.12309
      ],
      [
        21.32,
        -33.12376
      ],
      [
        21.31779,
        -33.12363
      ],
      [
        21.31482,
        -33.12315
      ],
      [
        21.313,
        -33.12314
      ],
      [
        21.31163,
        -33.12335
      ],
      [
        21.30623,
        -33.12478
      ],
      [
        21.30386,
        -33.12504
      ],
      [
        21.26902,
        -33.12546
      ],
      [
        21.2675,
        -33.12561
      ],
      [
        21.26294,
        -33.12661
      ],
      [
        21.26132,
        -33.12679
      ],
      [
        21.25958,
        -33.1267
      ],
      [
        21.25336,
        -33.12549
      ],
      [
        21.24315,
        -33.12507
      ],
      [
        21.2316,
        -33.125
      ],
      [
        21.2114,
        -33.12576
      ],
      [
        21.20869,
        -33.12616
      ],
      [
        21.2015,
        -33.12759
      ],
      [
        21.19958,
        -33.1281
      ],
      [
        21.17958,
        -33.13619
      ],
      [
        21.17769,
        -33.13665
      ],
      [
        21.14052,
        -33.13969
      ],
      [
        21.12673,
        -33.13981
      ],
      [
        21.12575,
        -33.13991
      ],
      [
        21.09683,
        -33.14733
      ],
      [
        21.08919,
        -33.14832
      ],
      [
        21.08692,
        -33.14882
      ],
      [
        21.08473,
        -33.14957
      ],
      [
        21.08081,
        -33.15137
      ],
      [
        21.07861,
        -33.15207
      ],
      [
        20.99815,
        -33.17286
      ],
      [
        20.9925,
        -33.1745
      ],
      [
        20.98405,
        -33.1762
      ],
      [
        20.97135,
        -33.17934
      ],
      [
        20.96955,
        -33.17963
      ],
      [
        20.96474,
        -33.18007
      ],
      [
        20.94339,
        -33.18432
      ],
      [
        20.93243,
        -33.18514
      ],
      [
        20.93114,
        -33.18533
      ],
      [
        20.92979,
        -33.18579
      ],
      [
        20.92368,
        -33.18918
      ],
      [
        20.92267,
        -33.18951
      ],
      [
        20.91457,
        -33.19027
      ],
      [
        20.90716,
        -33.19047
      ],
      [
        20.90589,
        -33.19076
      ],
      [
        20.90262,
        -33.19204
      ],
      [
        20.90077,
        -33.1923
      ],
      [
        20.89953,
        -33.19222
      ],
      [
        20.89847,
        -33.192
      ],
      [
        20.8915,
        -33.18997
      ],
      [
        20.89039,
        -33.18995
      ],
      [
        20.8873,
        -33.19041
      ],
      [
        20.88621,
        -33.19069
      ],
      [
        20.88515,
        -33.19139
      ],
      [
        20.88293,
        -33.19499
      ],
      [
        20.88222,
        -33.19574
      ],
      [
        20.8816,
        -33.1961
      ],
      [
        20.88078,
        -33.19636
      ],
      [
        20.87748,
        -33.19692
      ],
      [
        20.87649,
        -33.19677
      ],
      [
        20.87542,
        -33.19625
      ],
      [
        20.87273,
        -33.19327
      ],
      [
        20.87163,
        -33.19249
      ],
      [
        20.8705,
        -33.19222
      ],
      [
        20.86807,
        -33.19201
      ],
      [
        20.86654,
        -33.19206
      ],
      [
        20.86554,
        -33.19244
      ],
      [
        20.86499,
        -33.19284
      ],
      [
        20.8628,
        -33.19569
      ],
      [
        20.85905,
        -33.19901
      ],
      [
        20.85639,
        -33.20102
      ],
      [
        20.85528,
        -33.20151
      ],
      [
        20.85422,
        -33.20174
      ],
      [
        20.85324,
        -33.2018
      ],
      [
        20.85199,
        -33.20166
      ],
      [
        20.84858,
        -33.20045
      ],
      [
        20.84647,
        -33.20012
      ],
      [
        20.845,
        -33.20017
      ],
      [
        20.83834,
        -33.20094
      ],
      [
        20.83337,
        -33.20074
      ],
      [
        20.82993,
        -33.19998
      ],
      [
        20.82795,
        -33.19977
      ],
      [
        20.77414,
        -33.20001
      ],
      [
        20.7719,
        -33.20021
      ],
      [
        20.76593,
        -33.20167
      ],
      [
        20.76374,
        -33.202
      ],
      [
        20.7551,
        -33.20236
      ],
      [
        20.74473,
        -33.20347
      ],
      [
        20.73346,
        -33.20318
      ],
      [
        20.7307,
        -33.20343
      ],
      [
        20.72843,
        -33.20389
      ],
      [
        20.71129,
        -33.2087
      ],
      [
        20.70941,
        -33.20945
      ],
      [
        20.69996,
        -33.21403
      ],
      [
        20.69914,
        -33.21412
      ],
      [
        20.69834,
        -33.21405
      ],
      [
        20.69622,
        -33.21339
      ],
      [
        20.69531,
        -33.2133
      ],
      [
        20.69417,
        -33.21343
      ],
      [
        20.69339,
        -33.21368
      ],
      [
        20.69208,
        -33.21449
      ],
      [
        20.69019,
        -33.21682
      ],
      [
        20.68853,
        -33.21814
      ],
      [
        20.67151,
        -33.22656
      ],
      [
        20.66913,
        -33.22803
      ],
      [
        20.66597,
        -33.23065
      ],
      [
        20.66516,
        -33.23101
      ],
      [
        20.66418,
        -33.23124
      ],
      [
        20.66006,
        -33.23147
      ],
      [
        20.63842,
        -33.23424
      ],
      [
        20.63693,
        -33.23434
      ],
      [
        20.60616,
        -33.23303
      ],
      [
        20.60333,
        -33.23319
      ],
      [
        20.59972,
        -33.23399
      ],
      [
        20.59815,
        -33.23414
      ],
      [
        20.57708,
        -33.23088
      ],
      [
        20.57558,
        -33.23081
      ],
      [
        20.56501,
        -33.23103
      ],
      [
        20.56177,
        -33.23128
      ],
      [
        20.54369,
        -33.235
      ],
      [
        20.54209,
        -33.23546
      ],
      [
        20.54099,
        -33.23616
      ],
      [
        20.54018,
        -33.23715
      ],
      [
        20.53876,
        -33.24083
      ],
      [
        20.53825,
        -33.24169
      ],
      [
        20.5371,
        -33.24267
      ],
      [
        20.5358,
        -33.24316
      ],
      [
        20.51806,
        -33.24694
      ],
      [
        20.51635,
        -33.24712
      ],
      [
        20.51418,
        -33.24676
      ],
      [
        20.50024,
        -33.24225
      ],
      [
        20.49859,
        -33.24197
      ],
      [
        20.49697,
        -33.24205
      ],
      [
        20.4957,
        -33.24237
      ],
      [
        20.48583,
        -33.24615
      ],
      [
        20.48414,
        -33.24668
      ],
      [
        20.48256,
        -33.24693
      ],
      [
        20.47412,
        -33.24766
      ],
      [
        20.47258,
        -33.24805
      ],
      [
        20.47197,
        -33.24844
      ],
      [
        20.47144,
        -33.24901
      ],
      [
        20.47101,
        -33.25023
      ],
      [
        20.47108,
        -33.25103
      ],
      [
        20.47203,
        -33.25315
      ],
      [
        20.47196,
        -33.25433
      ],
      [
        20.47122,
        -33.25544
      ],
      [
        20.47001,
        -33.25614
      ],
      [
        20.46864,
        -33.25634
      ],
      [
        20.45876,
        -33.25657
      ],
      [
        20.45176,
        -33.25798
      ],
      [
        20.44969,
        -33.25795
      ],
      [
        20.4477,
        -33.25752
      ],
      [
        20.44634,
        -33.25695
      ],
      [
        20.44205,
        -33.25475
      ],
      [
        20.43937,
        -33.25382
      ],
      [
        20.42131,
        -33.25004
      ],
      [
        20.41965,
        -33.24984
      ],
      [
        20.41746,
        -33.24979
      ],
      [
        20.40494,
        -33.25054
      ],
      [
        20.4004,
        -33.25045
      ],
      [
        20.39736,
        -33.25011
      ],
      [
        20.39457,
        -33.24959
      ],
      [
        20.38214,
        -33.24658
      ],
      [
        20.38065,
        -33.24643
      ],
      [
        20.37923,
        -33.24649
      ],
      [
        20.3756,
        -33.24686
      ],
      [
        20.37417,
        -33.24712
      ],
      [
        20.35086,
        -33.25326
      ],
      [
        20.34847,
        -33.25374
      ],
      [
        20.32702,
        -33.25576
      ],
      [
        20.31221,
        -33.2578
      ],
      [
        20.30179,
        -33.25873
      ],
      [
        20.28956,
        -33.26092
      ],
      [
        20.27514,
        -33.26294
      ],
      [
        20.27403,
        -33.26321
      ],
      [
        20.27268,
        -33.26374
      ],
      [
        20.26227,
        -33.26852
      ],
      [
        20.26011,
        -33.26924
      ],
      [
        20.25788,
        -33.26966
      ],
      [
        20.25596,
        -33.2698
      ],
      [
        20.25381,
        -33.26971
      ],
      [
        20.24315,
        -33.26833
      ],
      [
        20.2403,
        -33.26782
      ],
      [
        20.23425,
        -33.26636
      ],
      [
        20.22307,
        -33.26411
      ],
      [
        20.22048,
        -33.26372
      ],
      [
        20.21755,
        -33.26364
      ],
      [
        20.20364,
        -33.2643
      ],
      [
        20.19736,
        -33.26369
      ],
      [
        20.1951,
        -33.26367
      ],
      [
        20.19324,
        -33.26394
      ],
      [
        20.19176,
        -33.26435
      ],
      [
        20.17828,
        -33.26954
      ],
      [
        20.17387,
        -33.27079
      ],
      [
        20.13433,
        -33.27701
      ],
      [
        20.13302,
        -33.27747
      ],
      [
        20.13207,
        -33.27796
      ],
      [
        20.12625,
        -33.28181
      ],
      [
        20.12428,
        -33.28287
      ],
      [
        20.11147,
        -33.28715
      ],
      [
        20.1019,
        -33.29069
      ],
      [
        20.08718,
        -33.29669
      ],
      [
        20.08488,
        -33.29773
      ],
      [
        20.0642,
        -33.30964
      ],
      [
        20.04926,
        -33.31997
      ],
      [
        20.0462,
        -33.32224
      ],
      [
        20.04263,
        -33.32529
      ],
      [
        20.03634,
        -33.3311
      ],
      [
        20.03562,
        -33.33212
      ],
      [
        20.03497,
        -33.33386
      ],
      [
        20.03511,
        -33.33531
      ],
      [
        20.03614,
        -33.33729
      ],
      [
        20.03905,
        -33.34195
      ],
      [
        20.04206,
        -33.34521
      ],
      [
        20.04266,
        -33.34622
      ],
      [
        20.04297,
        -33.34709
      ],
      [
        20.04313,
        -33.34853
      ],
      [
        20.04293,
        -33.3498
      ],
      [
        20.04223,
        -33.35131
      ],
      [
        20.0408,
        -33.35332
      ],
      [
        20.03988,
        -33.35418
      ],
      [
        20.01552,
        -33.37181
      ],
      [
        20.01426,
        -33.37328
      ],
      [
        20.01173,
        -33.37792
      ],
      [
        20.01113,
        -33.37868
      ],
      [
        20.01028,
        -33.37943
      ],
      [
        20.00449,
        -33.38291
      ],
      [
        20.00136,
        -33.38464
      ],
      [
        19.9875,
        -33.39045
      ],
      [
        19.98615,
        -33.39087
      ],
      [
        19.98491,
        -33.39103
      ],
      [
        19.97019,
        -33.39137
      ],
      [
        19.96783,
        -33.39128
      ],
      [
        19.9615,
        -33.39056
      ],
      [
        19.96005,
        -33.3907
      ],
      [
        19.95025,
        -33.39614
      ],
      [
        19.93312,
        -33.40596
      ],
      [
        19.93049,
        -33.40698
      ],
      [
        19.92752,
        -33.40751
      ],
      [
        19.76525,
        -33.41517
      ],
      [
        19.76351,
        -33.41506
      ],
      [
        19.75056,
        -33.41307
      ],
      [
        19.74882,
        -33.41304
      ],
      [
        19.74693,
        -33.41335
      ],
      [
        19.74528,
        -33.41395
      ],
      [
        19.74402,
        -33.41467
      ],
      [
        19.74224,
        -33.41696
      ],
      [
        19.74073,
        -33.41965
      ],
      [
        19.7375,
        -33.42664
      ],
      [
        19.73663,
        -33.42794
      ],
      [
        19.73523,
        -33.42923
      ],
      [
        19.73381,
        -33.43012
      ],
      [
        19.73229,
        -33.43074
      ],
      [
        19.7293,
        -33.43148
      ],
      [
        19.72771,
        -33.43203
      ],
      [
        19.72605,
        -33.43295
      ],
      [
        19.72492,
        -33.43386
      ],
      [
        19.72385,
        -33.43506
      ],
      [
        19.72298,
        -33.43656
      ],
      [
        19.72196,
        -33.44053
      ],
      [
        19.72089,
        -33.44256
      ],
      [
        19.72009,
        -33.44353
      ],
      [
        19.71259,
        -33.44991
      ],
      [
        19.70999,
        -33.452
      ],
      [
        19.70753,
        -33.45321
      ],
      [
        19.70528,
        -33.45378
      ],
      [
        19.69697,
        -33.45485
      ],
      [
        19.69423,
        -33.45571
      ],
      [
        19.69243,
        -33.45676
      ],
      [
        19.69061,
        -33.45838
      ],
      [
        19.68953,
        -33.45991
      ],
      [
        19.68875,
        -33.46181
      ],
      [
        19.68832,
        -33.46454
      ],
      [
        19.68799,
        -33.46563
      ],
      [
        19.68728,
        -33.46693
      ],
      [
        19.68633,
        -33.46803
      ],
      [
        19.68474,
        -33.46923
      ],
      [
        19.6833,
        -33.46991
      ],
      [
        19.68197,
        -33.4703
      ],
      [
        19.67833,
        -33.47097
      ],
      [
        19.6772,
        -33.47144
      ],
      [
        19.67593,
        -33.47217
      ],
      [
        19.67485,
        -33.47309
      ],
      [
        19.66848,
        -33.48056
      ],
      [
        19.66749,
        -33.48133
      ],
      [
        19.66297,
        -33.48421
      ],
      [
        19.66165,
        -33.48471
      ],
      [
        19.65088,
        -33.48781
      ],
      [
        19.64505,
        -33.48842
      ],
      [
        19.64363,
        -33.48844
      ],
      [
        19.63611,
        -33.48774
      ],
      [
        19.63194,
        -33.48702
      ],
      [
        19.62927,
        -33.48673
      ],
      [
        19.62442,
        -33.48695
      ],
      [
        19.61391,
        -33.4883
      ],
      [
        19.60317,
        -33.49071
      ],
      [
        19.59064,
        -33.49493
      ],
      [
        19.58881,
        -33.49545
      ],
      [
        19.58215,
        -33.49633
      ],
      [
        19.5761,
        -33.49738
      ],
      [
        19.56537,
        -33.50176
      ],
      [
        19.56397,
        -33.50272
      ],
      [
        19.55823,
        -33.50863
      ],
      [
        19.55228,
        -33.51847
      ],
      [
        19.54733,
        -33.52545
      ],
      [
        19.5466,
        -33.52621
      ],
      [
        19.54506,
        -33.52731
      ],
      [
        19.54167,
        -33.52895
      ],
      [
        19.5409,
        -33.52954
      ],
      [
        19.53981,
        -33.53215
      ],
      [
        19.53742,
        -33.53583
      ],
      [
        19.53731,
        -33.53638
      ],
      [
        19.5374,
        -33.53815
      ],
      [
        19.53721,
        -33.53899
      ],
      [
        19.53603,
        -33.54128
      ],
      [
        19.53497,
        -33.54262
      ],
      [
        19.53431,
        -33.54312
      ],
      [
        19.53224,
        -33.54413
      ],
      [
        19.53124,
        -33.54485
      ],
      [
        19.52509,
        -33.55024
      ],
      [
        19.52383,
        -33.55072
      ],
      [
        19.52176,
        -33.55111
      ],
      [
        19.5208,
        -33.55143
      ],
      [
        19.51997,
        -33.55185
      ],
      [
        19.5152,
        -33.55507
      ],
      [
        19.51423,
        -33.55592
      ],
      [
        19.51281,
        -33.55752
      ],
      [
        19.51096,
        -33.5607
      ],
      [
        19.5106,
        -33.56153
      ],
      [
        19.51038,
        -33.56261
      ],
      [
        19.50921,
        -33.57634
      ],
      [
        19.50976,
        -33.59164
      ],
      [
        19.51084,
        -33.60869
      ],
      [
        19.51003,
        -33.61365
      ],
      [
        19.50965,
        -33.61461
      ],
      [
        19.50904,
        -33.61547
      ],
      [
        19.50822,
        -33.61619
      ],
      [
        19.50722,
        -33.61676
      ],
      [
        19.49694,
        -33.62102
      ],
      [
        19.46813,
        -33.63085
      ],
      [
        19.45867,
        -33.63418
      ],
      [
        19.44795,
        -33.63814
      ],
      [
        19.44312,
        -33.63934
      ],
      [
        19.43388,
        -33.6405
      ],
      [
        19.43242,
        -33.64041
      ],
      [
        19.42608,
        -33.63899
      ],
      [
        19.42465,
        -33.63877
      ],
      [
        19.39369,
        -33.63672
      ],
      [
        19.39157,
        -33.63632
      ],
      [
        19.39032,
        -33.63585
      ],
      [
        19.38933,
        -33.63531
      ],
      [
        19.37207,
        -33.62367
      ],
      [
        19.37067,
        -33.62282
      ],
      [
        19.36929,
        -33.62224
      ],
      [
        19.36731,
        -33.6218
      ],
      [
        19.35425,
        -33.62018
      ],
      [
        19.35272,
        -33.6198
      ],
      [
        19.29306,
        -33.60013
      ],
      [
        19.29071,
        -33.59925
      ],
      [
        19.2892,
        -33.59832
      ],
      [
        19.28839,
        -33.59759
      ],
      [
        19.27434,
        -33.58244
      ],
      [
        19.21126,
        -33.52918
      ],
      [
        19.21038,
        -33.52817
      ],
      [
        19.20948,
        -33.52659
      ],
      [
        19.20637,
        -33.52033
      ],
      [
        19.20595,
        -33.51866
      ],
      [
        19.20494,
        -33.48542
      ],
      [
        19.20442,
        -33.4837
      ],
      [
        19.20217,
        -33.47853
      ],
      [
        19.20182,
        -33.47716
      ],
      [
        19.20083,
        -33.46598
      ],
      [
        19.20093,
        -33.46516
      ],
      [
        19.20131,
        -33.46426
      ],
      [
        19.2077,
        -33.45394
      ],
      [
        19.20803,
        -33.45292
      ],
      [
        19.20797,
        -33.45145
      ],
      [
        19.2076,
        -33.45044
      ],
      [
        19.20679,
        -33.44936
      ],
      [
        19.2001,
        -33.4419
      ],
      [
        19.19856,
        -33.43875
      ],
      [
        19.1981,
        -33.43598
      ],
      [
        19.19596,
        -33.41182
      ],
      [
        19.19569,
        -33.4105
      ],
      [
        19.19394,
        -33.4076
      ],
      [
        19.19125,
        -33.40264
      ],
      [
        19.18877,
        -33.3993
      ],
      [
        19.18693,
        -33.39773
      ],
      [
        19.18632,
        -33.39703
      ],
      [
        19.18593,
        -33.39602
      ],
      [
        19.18532,
        -33.39241
      ],
      [
        19.18501,
        -33.39153
      ],
      [
        19.1808,
        -33.38659
      ],
      [
        19.17819,
        -33.38205
      ],
      [
        19.17696,
        -33.37931
      ],
      [
        19.17198,
        -33.37255
      ],
      [
        19.17113,
        -33.37176
      ],
      [
        19.16864,
        -33.37041
      ],
      [
        19.16652,
        -33.36964
      ],
      [
        19.16352,
        -33.36899
      ],
      [
        19.16084,
        -33.36922
      ],
      [
        19.15954,
        -33.36915
      ],
      [
        19.15584,
        -33.36794
      ],
      [
        19.15497,
        -33.36717
      ],
      [
        19.15235,
        -33.36347
      ],
      [
        19.15181,
        -33.36311
      ],
      [
        19.15012,
        -33.36267
      ],
      [
        19.14963,
        -33.36241
      ],
      [
        19.14521,
        -33.35867
      ],
      [
        19.14356,
        -33.35663
      ],
      [
        19.14184,
        -33.3548
      ],
      [
        19.14158,
        -33.35414
      ],
      [
        19.14131,
        -33.35267
      ],
      [
        19.14081,
        -33.35182
      ],
      [
        19.1384,
        -33.34995
      ],
      [
        19.13784,
        -33.34933
      ],
      [
        19.13707,
        -33.34756
      ],
      [
        19.13669,
        -33.34564
      ],
      [
        19.13645,
        -33.34509
      ],
      [
        19.135,
        -33.3428
      ],
      [
        19.13327,
        -33.3394
      ],
      [
        19.13239,
        -33.33851
      ],
      [
        19.12499,
        -33.33283
      ],
      [
        19.12261,
        -33.32969
      ],
      [
        19.12134,
        -33.32684
      ],
      [
        19.12074,
        -33.32585
      ],
      [
        19.11904,
        -33.32424
      ],
      [
        19.1163,
        -33.32208
      ],
      [
        19.11532,
        -33.32153
      ],
      [
        19.11404,
        -33.32111
      ],
      [
        19.10885,
        -33.32027
      ],
      [
        19.10739,
        -33.3203
      ],
      [
        19.1017,
        -33.32106
      ],
      [
        19.09585,
        -33.32048
      ],
      [
        19.09399,
        -33.32015
      ],
      [
        19.09179,
        -33.31917
      ],
      [
        19.09048,
        -33.31924
      ],
      [
        19.09,
        -33.31915
      ],
      [
        19.08691,
        -33.31796
      ],
      [
        19.08614,
        -33.31809
      ],
      [
        19.08388,
        -33.31949
      ],
      [
        19.08257,
        -33.31998
      ],
      [
        19.08143,
        -33.32005
      ],
      [
        19.08002,
        -33.31952
      ],
      [
        19.07624,
        -33.31644
      ],
      [
        19.07449,
        -33.31484
      ],
      [
        19.07409,
        -33.3143
      ],
      [
        19.07301,
        -33.31215
      ],
      [
        19.07024,
        -33.3088
      ],
      [
        19.06977,
        -33.30772
      ],
      [
        19.0693,
        -33.30578
      ],
      [
        19.06853,
        -33.30436
      ],
      [
        19.06783,
        -33.30363
      ],
      [
        19.06322,
        -33.30012
      ],
      [
        19.06042,
        -33.29622
      ],
      [
        19.05859,
        -33.29507
      ],
      [
        19.05677,
        -33.29425
      ],
      [
        19.05512,
        -33.29407
      ],
      [
        19.05436,
        -33.29414
      ],
      [
        19.05331,
        -33.29443
      ],
      [
        19.05203,
        -33.29511
      ],
      [
        19.03727,
        -33.30426
      ],
      [
        19.0361,
        -33.30518
      ],
      [
        19.03489,
        -33.30663
      ],
      [
        19.0224,
        -33.33375
      ],
      [
        19.01632,
        -33.36267
      ],
      [
        19.0153,
        -33.3669
      ],
      [
        19.01445,
        -33.36891
      ],
      [
        19.01337,
        -33.37065
      ],
      [
        19.01201,
        -33.37229
      ],
      [
        19.00366,
        -33.37958
      ],
      [
        19.00285,
        -33.38051
      ],
      [
        19.00229,
        -33.38142
      ],
      [
        18.98647,
        -33.42026
      ],
      [
        18.98553,
        -33.42212
      ],
      [
        18.98445,
        -33.42336
      ],
      [
        18.96445,
        -33.44173
      ],
      [
        18.96365,
        -33.44272
      ],
      [
        18.96101,
        -33.44672
      ],
      [
        18.96046,
        -33.44784
      ],
      [
        18.96021,
        -33.44874
      ],
      [
        18.96008,
        -33.45013
      ],
      [
        18.96045,
        -33.45988
      ],
      [
        18.96597,
        -33.47568
      ],
      [
        18.96669,
        -33.47703
      ],
      [
        18.96763,
        -33.47829
      ],
      [
        18.97884,
        -33.49092
      ],
      [
        18.98008,
        -33.49325
      ],
      [
        18.98059,
        -33.49532
      ],
      [
        18.98094,
        -33.51022
      ],
      [
        18.98085,
        -33.51445
      ],
      [
        18.98029,
        -33.51652
      ],
      [
        18.97498,
        -33.53067
      ],
      [
        18.97447,
        -33.53318
      ],
      [
        18.97418,
        -33.56528
      ],
      [
        18.9744,
        -33.56756
      ],
      [
        18.9762,
        -33.57236
      ],
      [
        18.977,
        -33.57373
      ],
      [
        18.98744,
        -33.58489
      ],
      [
        18.9916,
        -33.58956
      ],
      [
        18.9925,
        -33.59124
      ],
      [
        18.99318,
        -33.59402
      ],
      [
        18.99359,
        -33.59504
      ],
      [
        18.99448,
        -33.59638
      ],
      [
        18.998,
        -33.59997
      ],
      [
        18.99872,
        -33.60088
      ],
      [
        18.9996,
        -33.60278
      ],
      [
        18.99982,
        -33.6046
      ],
      [
        18.9994,
        -33.60666
      ],
      [
        18.99851,
        -33.60826
      ],
      [
        18.99758,
        -33.60929
      ],
      [
        18.99093,
        -33.61551
      ],
      [
        18.99011,
        -33.61674
      ],
      [
        18.98965,
        -33.61823
      ],
      [
        18.9896,
        -33.61937
      ],
      [
        18.98992,
        -33.6208
      ],
      [
        18.99206,
        -33.62489
      ],
      [
        18.99263,
        -33.62656
      ],
      [
        18.99276,
        -33.62811
      ],
      [
        18.99253,
        -33.63223
      ],
      [
        18.99194,
        -33.63499
      ],
      [
        18.9857,
        -33.65873
      ],
      [
        18.98536,
        -33.6625
      ],
      [
        18.98549,
        -33.67356
      ],
      [
        18.98401,
        -33.69038
      ],
      [
        18.98353,
        -33.69284
      ],
      [
        18.98175,
        -33.69868
      ],
      [
        18.98146,
        -33.70008
      ],
      [
        18.97878,
        -33.71596
      ],
      [
        18.97433,
        -33.74496
      ],
      [
        18.97349,
        -33.74746
      ],
      [
        18.97217,
        -33.74975
      ],
      [
        18.97061,
        -33.7516
      ],
      [
        18.96707,
        -33.75485
      ],
      [
        18.96623,
        -33.75597
      ],
      [
        18.96544,
        -33.75744
      ],
      [
        18.96494,
        -33.75891
      ],
      [
        18.96465,
        -33.76054
      ],
      [
        18.96464,
        -33.76712
      ],
      [
        18.96432,
        -33.76988
      ],
      [
        18.96382,
        -33.7718
      ],
      [
        18.96338,
        -33.773
      ],
      [
        18.96263,
        -33.77424
      ],
      [
        18.96104,
        -33.77651
      ],
      [
        18.95936,
        -33.77843
      ],
      [
        18.95248,
        -33.7852
      ],
      [
        18.95003,
        -33.78702
      ],
      [
        18.9473,
        -33.78853
      ],
      [
        18.94446,
        -33.78969
      ],
      [
        18.94222,
        -33.79037
      ],
      [
        18.93422,
        -33.79202
      ],
      [
        18.93107,
        -33.79287
      ],
      [
        18.92796,
        -33.79404
      ],
      [
        18.9183,
        -33.79851
      ],
      [
        18.91576,
        -33.79947
      ],
      [
        18.91279,
        -33.80034
      ],
      [
        18.90795,
        -33.80127
      ],
      [
        18.9037,
        -33.80162
      ],
      [
        18.90051,
        -33.8016
      ],
      [
        18.89219,
        -33.80113
      ],
      [
        18.88846,
        -33.80138
      ],
      [
        18.88589,
        -33.8019
      ],
      [
        18.86339,
        -33.80801
      ],
      [
        18.86108,
        -33.80849
      ],
      [
        18.85881,
        -33.80855
      ],
      [
        18.85685,
        -33.80828
      ],
      [
        18.85553,
        -33.80791
      ],
      [
        18.85073,
        -33.8061
      ],
      [
        18.84843,
        -33.80562
      ],
      [
        18.84648,
        -33.80556
      ],
      [
        18.84503,
        -33.8057
      ],
      [
        18.84383,
        -33.80596
      ],
      [
        18.84209,
        -33.80656
      ],
      [
        18.84051,
        -33.80738
      ],
      [
        18.83877,
        -33.80871
      ],
      [
        18.83726,
        -33.81061
      ],
      [
        18.83659,
        -33.81195
      ],
      [
        18.83328,
        -33.82233
      ],
      [
        18.83245,
        -33.82437
      ],
      [
        18.83179,
        -33.82552
      ],
      [
        18.82876,
        -33.82983
      ],
      [
        18.82722,
        -33.83248
      ],
      [
        18.82616,
        -33.83348
      ],
      [
        18.82494,
        -33.83405
      ],
      [
        18.82372,
        -33.83427
      ],
      [
        18.82289,
        -33.83424
      ],
      [
        18.81723,
        -33.83283
      ],
      [
        18.81599,
        -33.83265
      ],
      [
        18.81469,
        -33.83266
      ],
      [
        18.81118,
        -33.83301
      ],
      [
        18.80912,
        -33.83301
      ],
      [
        18.79092,
        -33.83129
      ],
      [
        18.75668,
        -33.83353
      ],
      [
        18.75496,
        -33.83388
      ],
      [
        18.75133,
        -33.83524
      ],
      [
        18.74653,
        -33.83805
      ],
      [
        18.74531,
        -33.8386
      ],
      [
        18.73712,
        -33.84062
      ],
      [
        18.72887,
        -33.8437
      ],
      [
        18.72707,
        -33.84466
      ],
      [
        18.71676,
        -33.85265
      ],
      [
        18.7038,
        -33.86331
      ],
      [
        18.69267,
        -33.8775
      ],
      [
        18.69184,
        -33.87837
      ],
      [
        18.65818,
        -33.90377
      ],
      [
        18.65655,
        -33.90482
      ],
      [
        18.65445,
        -33.90565
      ],
      [
        18.63593,
        -33.90736
      ],
      [
        18.63405,
        -33.90744
      ],
      [
        18.63052,
        -33.90708
      ],
      [
        18.62412,
        -33.90566
      ],
      [
        18.61917,
        -33.9051
      ],
      [
        18.59621,
        -33.90808
      ],
      [
        18.57869,
        -33.91054
      ],
      [
        18.57527,
        -33.91065
      ],
      [
        18.56459,
        -33.91038
      ],
      [
        18.56224,
        -33.91055
      ],
      [
        18.55893,
        -33.91107
      ],
      [
        18.5562,
        -33.91179
      ],
      [
        18.54582,
        -33.91498
      ],
      [
        18.53957,
        -33.91741
      ],
      [
        18.53616,
        -33.91831
      ],
      [
        18.50014,
        -33.9231
      ],
      [
        18.4918,
        -33.92401
      ],
      [
        18.48844,
        -33.92461
      ],
      [
        18.47057,
        -33.9268
      ],
      [
        18.46724,
        -33.92741
      ],
      [
        18.46131,
        -33.92693
      ],
      [
        18.44727,
        -33.92527
      ],
      [
        18.44473,
        -33.9253
      ],
      [
        18.4374,
        -33.92569
      ],
      [
        18.43165,
        -33.92544
      ],
      [
        18.42938,
        -33.92472
      ],
      [
        18.42846,
        -33.92416
      ],
      [
        18.42963,
        -33.92466
      ],
      [
        18.42613,
        -33.92219
      ]
    ]
  }
}
